last_name	researcher id	first_name
Albert	ur.01045323572.27	Martin L
Albert	ur.011156131672.13	Ching-To
Albert	ur.011201076012.23	Martin L
Albert	ur.012656452330.29	Martin L
Albert	ur.01361726160.90	Martin L
Albert	ur.01361726160.90	Martin L
Albert	ur.0640207104.44	Martin L
Albert	ur.07600050012.24	Martin L
Alexander	ur.011366070352.40	Andrew S
Alexander	ur.01172306626.02	Andrew S
Alexander	ur.01172306626.02	Andrew S
Alexander	ur.013323756110.20	Andrew S
Alexander	ur.013371262610.80	Andrew S
Alexander	ur.016054545430.67	Andrew S
Alexander	ur.07452164110.38	Andrew S
Alexander	ur.07504240144.04	Andrew S
Andrianesis	ur.012714555227.63	Panagiotis E
Andrianesis	ur.013135205101.81	Panagiotis E
Andrieu	ur.013044453610.92	Guillaume P
Andrieu	ur.013230377055.04	Guillaume P
Andrieu	ur.013230377055.04	Guillaume P
Andrieu	ur.016024536776.36	Guillaume P
Andrieu	ur.07624314064.41	Guillaume P
Applegate	ur.010320030677.51	Matthew B
Applegate	ur.010640612020.02	Matthew B
Arai	ur.01011437640.72	Ken-Suke
Arai	ur.01021462550.54	Ken-Suke
Arai	ur.010316012757.16	Ken-Suke
Arai	ur.01264340253.26	Ken-Suke
Averill	ur.010537547614.48	Colin
Averill	ur.01277136042.64	Colin
Averill	ur.01277136042.64	Colin
Averill	ur.013314465013.13	Colin
Averill	ur.07763666124.53	Colin
Babbs	ur.014073152274.11	Richard Keith
Babbs	ur.0604127103.69	Richard Keith
Bacon	ur.010571204461.26	Kathryn L
Bacon	ur.010571204461.26	Kathryn L
Bacon	ur.011525105774.41	Kathryn L
Bacon	ur.01233275754.70	Jeffrey W
Bacon	ur.012700640010.35	Jeffrey W
Bacon	ur.015052370150.90	Kathryn L
Bargal	ur.012341113216.62	Sarah Adel
Basu	ur.010123013407.94	Soumendra Nath
Beaupere	ur.011262374600.94	Carine
Beaupere	ur.012320520047.34	Carine
Beaupere	ur.0606500320.35	Carine
Beaupere	ur.0606500320.35	Carine
Bell	ur.011067217027.81	Chance A
Bell	ur.011067217027.81	Chance A
Bell	ur.01177543645.18	Margret E
Bell	ur.01177543645.18	Margret E
Bell	ur.016510657721.39	Margret E
Bell	ur.07632376750.99	Chance A
Bentley	ur.012725665527.57	Katie
Bentley	ur.014303476372.58	Katie
Bentley	ur.0771077630.42	Katie
Bentley	ur.0771077630.42	Katie
Benzell	ur.012615123402.21	Seth G
Bernard	ur.015433055555.22	Annie A R
Bhattacharya	ur.0600614671.54	Bidisha
Blankenship	ur.010266423074.74	Tashauna L
Blankenship	ur.011255260450.15	Tashauna L
Blankenship	ur.011263027440.09	Tashauna L
Blankenship	ur.013246122007.23	Tashauna L
Blankenship	ur.01327134615.25	Tashauna L
Blankenship	ur.015114762616.88	Tashauna L
Bragdon	ur.01016162277.53	Beth Christie
Bragdon	ur.010301415700.98	Beth Christie
Bragdon	ur.013557665576.83	Beth Christie
Brasz	ur.012327446541.94	C Frederik
Brown	ur.010204121274.96	Carrie
Brown	ur.010475655577.58	Lauren Elaine
Brown	ur.010704357513.03	Keith A
Brown	ur.010724504307.48	Lauren Elaine
Brown	ur.011120046257.38	Lauren Elaine
Brown	ur.011336521034.34	Lauren Elaine
Brown	ur.011542146713.36	Timothy A
Brown	ur.011625700220.33	Carrie
Brown	ur.012103164716.20	Timothy A
Brown	ur.012215124132.86	Timothy A
Brown	ur.012265153337.45	Kaye
Brown	ur.013176260523.01	Lauren Elaine
Brown	ur.013322767023.05	Lauren Elaine
Brown	ur.013346664646.08	Timothy A
Brown	ur.013375251030.92	Keith A
Brown	ur.013434543533.04	Carrie
Brown	ur.013434543533.04	Carrie
Brown	ur.01353026566.06	Lauren Elaine
Brown	ur.01353026566.06	Lauren Elaine
Brown	ur.014132357654.29	Timothy A
Brown	ur.014144512614.14	Timothy A
Brown	ur.014273344432.39	Keith A
Brown	ur.014436627653.35	Gavin
Brown	ur.015104635753.28	Lauren Elaine
Brown	ur.015112113267.55	Lauren Elaine
Brown	ur.015120503350.10	Carrie
Brown	ur.016111373055.05	Timothy A
Brown	ur.016510071100.25	Lauren Elaine
Brown	ur.016625674241.87	Lauren Elaine
Brown	ur.0653705421.07	Bonnie S
Brown	ur.0700064751.44	Timothy A
Cantu	ur.010054433640.36	Robert C
Cantu	ur.01103765305.85	Robert C
Cantu	ur.01103765305.85	Robert C
Cantu	ur.011433401624.87	Robert C
Cantu	ur.01162602425.59	Robert C
Cantu	ur.011633343514.41	Robert C
Cantu	ur.011742462214.09	Robert C
Cantu	ur.013110574103.89	Robert C
Cantu	ur.014005032353.69	Robert C
Cantu	ur.014475560767.18	Robert C
Cantu	ur.015014540412.37	Robert C
Cantu	ur.015465274447.75	Robert C
Cantu	ur.015734205463.50	Robert C
Cantu	ur.016412472211.29	Robert C
Cantu	ur.016662605543.83	Robert C
Cantu	ur.07464564574.42	Robert C
Cantu	ur.07615235042.43	Robert C
Cao	ur.01030076202.17	Tian Yu
Cao	ur.011441354564.40	Feng
Cao	ur.011441354564.40	Feng
Cao	ur.011652157720.95	Yuxia X
Cao	ur.012617756057.16	Yuxia X
Cao	ur.015215651504.03	Yuxia X
Cao	ur.015527746756.40	Feng
Cao	ur.015605660057.48	Yuxia X
Cao	ur.0625403534.38	Yuxia X
Castro-Diehl	ur.01077735446.39	Cecilia
Castro-Diehl	ur.011631525704.36	Cecilia
Castro-Diehl	ur.011756325547.51	Cecilia
Chandler	ur.01273510501.04	Kevin Brown
Chandler	ur.015612073303.93	Kevin Brown
Chandler	ur.0736441273.99	Kevin Brown
Chandler	ur.0736441273.99	Kevin Brown
Chang	ur.01001646250.55	Charles B
Chang	ur.010121421654.38	Gary H
Chang	ur.012206655534.29	Wayne Wei-En
Chang	ur.012206655534.29	Wayne Wei-En
Chang	ur.012427517640.12	Wayne Wei-En
Chang	ur.013345625401.21	Jina
Chang	ur.015751264660.44	Gary H
Chang	ur.015751264660.44	Gary H
Chang	ur.0651275311.06	Charles B
Chatterjee	ur.0646730071.92	Sujoy
Chen	ur.01000052531.53	Christopher S
Chen	ur.010020763556.40	Christopher S
Chen	ur.01002376025.73	Christopher S
Chen	ur.01007223504.89	Christopher S
Chen	ur.010125540612.75	Christopher S
Chen	ur.010363746516.42	Christopher S
Chen	ur.010437120740.19	Yuning
Chen	ur.010452216672.71	Clara A
Chen	ur.01046436375.61	Christopher S
Chen	ur.01062005023.29	Ci-Di
Chen	ur.010676262477.12	Melanie M
Chen	ur.010703551564.09	Jiang Fan
Chen	ur.01101235347.40	Jiang Fan
Chen	ur.01101346065.00	Tai-Chou
Chen	ur.011060126773.78	Jiang Fan
Chen	ur.011074652736.21	Christopher S
Chen	ur.011123065514.40	Christopher S
Chen	ur.011154501377.09	Tai-Chou
Chen	ur.011217215532.38	Jiang Fan
Chen	ur.011234773420.75	Christopher S
Chen	ur.011304170102.17	Jiang Fan
Chen	ur.011336332567.22	Chi
Chen	ur.011432774032.66	Christopher S
Chen	ur.01151305564.65	Christopher S
Chen	ur.011576432451.86	Christopher S
Chen	ur.01164137271.50	Christopher S
Chen	ur.011705227140.45	Lin
Chen	ur.01171007552.50	Christopher S
Chen	ur.011745311274.57	Felicia
Chen	ur.012060304666.19	Melanie M
Chen	ur.01230311767.61	Tai-Chou
Chen	ur.01232504521.48	Christopher S
Chen	ur.01235445671.85	Christopher S
Chen	ur.012364740760.11	Christopher S
Chen	ur.012373113060.54	Ying
Chen	ur.012410200214.64	Tai-Chou
Chen	ur.012410200214.64	Tai-Chou
Chen	ur.01250143012.12	Christopher S
Chen	ur.012567477554.39	Christopher S
Chen	ur.012576331120.20	Jiang Fan
Chen	ur.012605151520.63	Chi
Chen	ur.01263341617.32	Cidi
Chen	ur.012734155702.40	Liang
Chen	ur.013142306260.61	Christopher S
Chen	ur.013144566625.18	Christopher S
Chen	ur.013215027446.51	Jiang Fan
Chen	ur.013273335421.40	Yuting
Chen	ur.013345260424.09	Shuyang
Chen	ur.01356415275.06	Felicia
Chen	ur.01356415275.06	Felicia
Chen	ur.013634142714.61	Tai-Chou
Chen	ur.01364100012.28	Jiang Fan
Chen	ur.013644055542.10	Christopher S
Chen	ur.01364533746.76	Clara A
Chen	ur.013722564614.53	Christopher S
Chen	ur.013751330137.69	Ying
Chen	ur.014102757312.30	Christopher S
Chen	ur.014236101530.13	Christopher S
Chen	ur.014403153273.38	Jiang Fan
Chen	ur.014417351664.14	Jiang Fan
Chen	ur.014436511410.73	Tai-Chou
Chen	ur.014731415614.94	Christopher S
Chen	ur.014736715564.85	Jiang Fan
Chen	ur.015013074314.03	Christopher S
Chen	ur.015116507577.49	Chunxu
Chen	ur.015270130447.24	Liang
Chen	ur.015325533254.29	Christopher S
Chen	ur.015340336522.43	Yuning
Chen	ur.015340336522.43	Yuning
Chen	ur.015353002577.15	Tai-Chou
Chen	ur.015416410714.05	Christopher S
Chen	ur.015457626217.13	Christopher S
Chen	ur.015473036604.28	Cidi
Chen	ur.015626335503.68	Jiang Fan
Chen	ur.015643237600.13	Rosalyn B
Chen	ur.015742634005.54	Yilei
Chen	ur.016065050235.55	Jiang Fan
Chen	ur.016152115754.49	Ruidi
Chen	ur.016243504644.99	Jiang Fan
Chen	ur.016243504644.99	Jiang Fan
Chen	ur.016246646363.14	Jiang Fan
Chen	ur.016262252355.43	Tai-Chou
Chen	ur.016353570654.05	Christopher S
Chen	ur.016361024210.88	Rosalyn B
Chen	ur.016361024210.88	Rosalyn B
Chen	ur.016415747535.90	Christopher S
Chen	ur.016575434223.02	Jiang Fan
Chen	ur.051620460.76	Tai-Chou
Chen	ur.054204664.27	Tai-Chou
Chen	ur.0602015044.20	Christopher S
Chen	ur.0637221615.20	Christopher S
Chen	ur.0707310166.57	Christopher S
Chen	ur.07346660576.99	Shuyang
Chen	ur.07366575606.05	Tai-Chou
Chen	ur.0746475637.66	Shuyang
Chen	ur.0751714006.23	Jiang Fan
Chen	ur.0753053335.22	Tai-Chou
Chen	ur.0756254446.03	Jiang Fan
Chen	ur.07603574306.94	Jiang Fan
Chen	ur.07627653577.83	Tai-Chou
Chen	ur.07702764114.23	Christopher S
Chen	ur.07705210014.28	Christopher S
Chen	ur.07744205770.51	Jiang Fan
Chenausky	ur.010574153364.52	Karen V
Chenausky	ur.012062642140.75	Karen V
Chenausky	ur.012473515721.10	Karen V
Chenausky	ur.012473515721.10	Karen V
Chenausky	ur.012572107047.28	Karen V
Cheng	ur.010033400320.64	Ji Xin
Cheng	ur.010070535316.60	Ji Xin
Cheng	ur.010461230340.36	Christine S
Cheng	ur.010521166162.62	Xiaojun
Cheng	ur.010650066100.91	Philip J
Cheng	ur.010661113462.34	Ji Xin
Cheng	ur.011003441512.14	Ronghai
Cheng	ur.011157405030.72	Debbie M
Cheng	ur.011245337434.04	Ji Xin
Cheng	ur.011346577340.06	Ji Xin
Cheng	ur.01142500114.39	Ji Xin
Cheng	ur.011661302631.33	Zhuoqun
Cheng	ur.01174160721.21	Christine S
Cheng	ur.012001171614.25	Ji Xin
Cheng	ur.012014577617.21	Debbie M
Cheng	ur.012272651034.50	Debbie M
Cheng	ur.01231744511.98	Christine S
Cheng	ur.012360670540.77	Ji Xin
Cheng	ur.012506701550.47	Debbie M
Cheng	ur.012510440636.64	Xiaojun
Cheng	ur.012510440636.64	Xiaojun
Cheng	ur.012650541657.40	Hai
Cheng	ur.012676715366.00	Christine S
Cheng	ur.01273037273.93	Debbie M
Cheng	ur.013247022620.46	Ji Xin
Cheng	ur.013332506714.79	Ji Xin
Cheng	ur.013352612226.65	Debbie M
Cheng	ur.013474451033.39	Xiaojun
Cheng	ur.013501035014.93	Ronghai
Cheng	ur.013606756153.18	Debbie M
Cheng	ur.013774232447.22	Ji Xin
Cheng	ur.014035647314.43	Judy
Cheng	ur.014151762074.53	Ji Xin
Cheng	ur.014167523407.55	Ji Xin
Cheng	ur.014325465412.32	Debbie M
Cheng	ur.014332142153.06	Jay Jojo
Cheng	ur.014411636034.59	Ji Xin
Cheng	ur.014424656526.61	Christine S
Cheng	ur.014433401024.78	Christine S
Cheng	ur.014757131616.77	Debbie M
Cheng	ur.015042210764.54	Ronghai
Cheng	ur.015546615647.24	Ji Xin
Cheng	ur.016167411434.38	Judy
Cheng	ur.016426041420.49	Ji Xin
Cheng	ur.016451366275.45	Philip J
Cheng	ur.016555427300.70	Ji Xin
Cheng	ur.016605741312.15	Ji Xin
Cheng	ur.016651272724.50	Ji Xin
Cheng	ur.016651442523.37	Christine S
Cheng	ur.0633475653.71	Michael
Cheng	ur.0704015755.33	Debbie M
Cheng	ur.0707030450.48	Ji Xin
Cheng	ur.07427254664.43	Ji Xin
Cheng	ur.07437006102.44	Philip J
Cheng	ur.07437006102.44	Philip J
Cheng	ur.07556066516.39	Debbie M
Cheng	ur.07620245614.02	Ji Xin
Cohen	ur.01003450437.73	Kristina L
Cohen	ur.01010772427.94	Alan B
Cohen	ur.01023012557.01	Alan B
Cohen	ur.010260466503.14	Ryan Baruch
Cohen	ur.01050357246.37	Alan B
Cohen	ur.01065255447.41	Alan B
Cohen	ur.010722475573.30	Yarden
Cohen	ur.010722475573.30	Yarden
Cohen	ur.011022537032.24	Richard Alan
Cohen	ur.011134212652.51	Richard Alan
Cohen	ur.01134244324.26	Alan B
Cohen	ur.01145451426.44	Alan B
Cohen	ur.01145650300.81	Alan B
Cohen	ur.01155224622.56	Alan B
Cohen	ur.01175313416.05	Yarden
Cohen	ur.011776557272.67	Richard Alan
Cohen	ur.01201451375.44	Alan B
Cohen	ur.012140345535.39	Alan B
Cohen	ur.01215232671.45	Alan B
Cohen	ur.01233033404.73	Alan B
Cohen	ur.012371462112.98	Richard Alan
Cohen	ur.012454050172.46	Richard Alan
Cohen	ur.012476350032.18	Richard Alan
Cohen	ur.012536741524.21	Alan B
Cohen	ur.01265340514.12	Alan B
Cohen	ur.012655657232.98	Richard Alan
Cohen	ur.01303052512.04	Alan B
Cohen	ur.013335414530.81	Gregory H
Cohen	ur.01342126240.19	Richard Alan
Cohen	ur.01345671604.10	Alan B
Cohen	ur.013472636740.16	Robyn T
Cohen	ur.013622175272.34	Richard Alan
Cohen	ur.014404635074.40	Yarden
Cohen	ur.014620650437.58	Gregory H
Cohen	ur.014620650437.58	Gregory H
Cohen	ur.014643531252.19	Richard Alan
Cohen	ur.015074137212.72	Richard Alan
Cohen	ur.015213445327.18	Robyn T
Cohen	ur.015213445327.18	Robyn T
Cohen	ur.015304267440.40	Gregory H
Cohen	ur.015431744532.09	Richard Alan
Cohen	ur.015431744532.09	Richard Alan
Cohen	ur.015531444174.19	Gregory H
Cohen	ur.015532221220.61	Alan B
Cohen	ur.015666262632.96	Richard Alan
Cohen	ur.015735172734.58	Gregory H
Cohen	ur.016121241460.54	Robyn T
Cohen	ur.016421674372.38	Richard Alan
Cohen	ur.0630433072.25	Robyn T
Cohen	ur.0630455026.47	Richard Alan
Cohen	ur.0633536073.46	Alan B
Cohen	ur.0675630211.70	Richard Alan
Cohen	ur.0702625323.89	Alan B
Cohen	ur.0764302647.49	Alan B
Cohen	ur.0775274106.08	Alan B
Cooper	ur.01033252503.12	Benjamin G
Cooper	ur.012701177217.92	Benjamin G
Cooper	ur.013736174100.41	Benjamin G
Cooper	ur.015147070255.03	Benjamin G
Cooper	ur.016036525274.29	Benjamin G
Costello	ur.010116347220.92	Catherine E
Costello	ur.01025701641.54	Catherine E
Costello	ur.0103336711.54	Catherine E
Costello	ur.01045373174.22	Catherine E
Costello	ur.010455633157.08	Catherine E
Costello	ur.010455633157.08	Catherine E
Costello	ur.010527120626.83	Catherine E
Costello	ur.01053042205.44	Catherine E
Costello	ur.011046005023.96	Catherine E
Costello	ur.011155473364.02	Catherine E
Costello	ur.0113012273.62	Catherine E
Costello	ur.011406221577.89	Catherine E
Costello	ur.012470233053.37	Catherine E
Costello	ur.01252252065.45	Catherine E
Costello	ur.012622023007.41	Catherine E
Costello	ur.013326004035.15	Catherine E
Costello	ur.013540657043.23	Catherine E
Costello	ur.013753062753.12	Catherine E
Costello	ur.014004262504.03	Catherine E
Costello	ur.014114215012.14	Catherine E
Costello	ur.015717702044.60	Catherine E
Costello	ur.016114100572.00	Catherine E
Costello	ur.016523702303.46	Catherine E
Costello	ur.016663457221.41	Catherine E
Costello	ur.0576237763.11	Catherine E
Costello	ur.075764375.26	Catherine E
Costello	ur.07647712560.38	Catherine E
Dai	ur.01016423621.27	Zhaoli
Dai	ur.010254026020.69	Yan
Dai	ur.01055403312.05	Zhaoli
Dai	ur.01055403312.05	Zhaoli
Dai	ur.012325757155.37	Lengshi
Dai	ur.013060257230.69	Wuyang
Dai	ur.014464103321.33	Zhaoli
Dai	ur.014743731630.50	Lengshi
Dai	ur.015107356115.96	Wuyang
Dai	ur.015107356115.96	Wuyang
Dai	ur.015577172622.57	Zhaoli
Dai	ur.016257653437.17	Wuyang
Dai	ur.016613521424.56	Zhaoli
Dai	ur.0632773120.53	Yan
Dannenberg	ur.011064705033.03	Holger
Dannenberg	ur.012017557713.02	Holger
Dannenberg	ur.016207311344.15	Holger
Dannenberg	ur.016365243731.47	Holger
Dannenberg	ur.016365243731.47	Holger
Dannenberg	ur.0677111423.08	Holger
Das	ur.01057413046.30	Madhurima
Das	ur.011070777054.51	Madhurima
Das	ur.011427055673.25	Avilash
Das	ur.016000333420.22	Madhurima
Davoodi	ur.015171402023.16	Telli
Davoodi	ur.016566430303.52	Telli
Davoodi	ur.016570610540.13	Telli
Davoodi	ur.0674362701.11	Telli
Davoodi	ur.0674362701.11	Telli
Delina	ur.015644665205.35	Laurence Laurencio
Deng	ur.010107625137.79	Xuan
Deng	ur.010206443740.46	Xuan
Deng	ur.01233122412.15	Xuan
Deng	ur.012771720030.71	Xuan
Deng	ur.01330320417.71	Xuan
Deng	ur.014632405755.77	Xuan
Deng	ur.014632405755.77	Xuan
Deng	ur.015364475440.52	Xuan
Deng	ur.016572212501.42	Xuan
Deng	ur.0724402777.91	Xuan
Deng	ur.07402724533.65	Xuan
Detore	ur.01143723303.18	Nicole R
Detore	ur.01143723303.18	Nicole R
Detore	ur.013372414427.60	Nicole R
Detore	ur.015026766176.27	Nicole R
Detore	ur.016257775134.05	Nicole R
Detore	ur.016455611024.94	Nicole R
Diakonikolas	ur.015170204647.48	Jelena
Digiacomo	ur.01177575443.88	Vincent
Digiacomo	ur.01177575443.88	Vincent
Digiacomo	ur.07604042330.86	Vincent
Drew	ur.016425333767.18	Alison L
Duclos	ur.014025714241.44	Grant E
Dutra	ur.010321626144.55	Sunny J
Dutra	ur.015253736737.54	Sunny J
Dutra	ur.0666506643.78	Sunny J
Dutra	ur.0666506643.78	Sunny J
Dutta	ur.015157551456.54	Amartya
Endrighi	ur.0632542651.51	Romano
Erdener	ur.01160001544.79	Şefik Evren
Erdener	ur.01160001544.79	Şefik Evren
Erdener	ur.012375073301.62	Şefik Evren
Erdener	ur.014167046066.31	Şefik Evren
Erdener	ur.014343026327.25	Şefik Evren
Eriksen	ur.014154343155.19	Ryan S
Esse	ur.011323334450.20	Ruben
Esse	ur.01267636152.03	Ruben
Esse	ur.01267636152.03	Ruben
Fang	ur.011461555227.91	Cheng
Fang	ur.015530120172.27	Yu
Fang	ur.0744466123.32	Cheng
Fang	ur.0744466123.32	Cheng
Fang	ur.07665700444.66	Cheng
Fang	ur.07724077010.65	Yu
Fang	ur.07724077010.65	Yu
Felici	ur.07546165535.17	M
Finelli	ur.012645637616.16	K D
Finelli	ur.014355462354.45	K D
Finelli	ur.016017413474.83	K D
Finelli	ur.016246612534.64	K D
Gagne	ur.0625150202.79	Matthew
Gagne	ur.0664210205.21	Matthew
Gailus	ur.011370635107.12	Siragan
Gali	ur.012356367734.22	Himabindu
Gali	ur.0662121625.74	Himabindu
Gali	ur.0662121625.74	Himabindu
Gao	ur.011425773414.23	Yuan Z
Gao	ur.01260762513.90	Wei
Gao	ur.01306172740.61	Wei
Gao	ur.01306172740.61	Wei
Gao	ur.01353653137.36	Yuan Z
Gao	ur.016707215724.72	Wei
Gao	ur.0771421026.55	Wei
Gately	ur.010206614334.91	Conor K
Gately	ur.0656547365.71	Conor K
Geisz	ur.010422401667.91	Andrea
Geisz	ur.01215055160.03	Andrea
Geisz	ur.014266156747.95	Andrea
Gerlovin	ur.010566127700.78	Hanna
Gerlovin	ur.01367757061.36	Hanna
Gerlovin	ur.01367757061.36	Hanna
Ghosh	ur.01062224224.15	Sajal K
Ghosh	ur.01147347150.61	Sajal K
Ghosh	ur.01147347150.61	Sajal K
Ghosh	ur.015135471714.10	Sajal K
Ghosh	ur.0673350246.28	Sajal K
Gilad	ur.011526101203.79	Amir
Gilad	ur.011526101203.79	Amir
Gilad	ur.012763772447.00	Amir
Gilad	ur.016021255341.32	Yossi
Goodliffe	ur.010237176240.72	Joseph W
Goodliffe	ur.01053411263.44	Joseph W
Grada	ur.011356514613.79	Ayman A
Grada	ur.011435410350.38	Ayman A
Grada	ur.01233605724.49	Ayman A
Grada	ur.01233605724.49	Ayman A
Grada	ur.013277253047.61	Ayman A
Grada	ur.013730425300.24	Ayman A
Grada	ur.015212440132.28	Ayman A
Grada	ur.016041607710.12	Ayman A
Grada	ur.016123110303.42	Ayman A
Grada	ur.07555412233.57	Ayman A
Grada	ur.07714357453.50	Ayman A
Graesser	ur.012411711343.03	Jordan
Gritton	ur.010756375140.27	Howard J
Gritton	ur.011507545546.94	Howard J
Gritton	ur.012151470073.54	Howard J
Gritton	ur.01264125436.15	Howard J
Gritton	ur.01264125436.15	Howard J
Gritton	ur.016512710010.29	Howard J
Gupta	ur.01001220426.42	Apar
Gupta	ur.01001220426.42	Apar
Gupta	ur.010506076074.76	Apar
Gupta	ur.010700054010.02	Avni
Gupta	ur.011402235744.35	Kalpana
Gupta	ur.01167577475.34	Kalpana
Gupta	ur.012764723306.29	Kalpana
Gupta	ur.013045545277.02	Avni
Gupta	ur.01344134026.10	Kalpana
Gupta	ur.01344134026.10	Kalpana
Gupta	ur.014057461010.44	Kalpana
Gupta	ur.014675216716.00	Kalpana
Gupta	ur.015066125660.30	Ankush
Gupta	ur.015510457524.79	Apar
Gupta	ur.016532611253.05	Kalpana
Gupta	ur.07446177210.08	Kalpana
Gurinovich	ur.011176661454.21	Anastasia
Gurinovich	ur.011460457047.14	Anastasia
Gurinovich	ur.013013631444.77	Anastasia
Gurinovich	ur.016254025453.35	Anastasia
Gushchanskaia	ur.012317143006.08	Ekaterina
Gushchanskaia	ur.012317143006.08	Ekaterina
Gushchanskaia	ur.01252647341.36	Ekaterina
Han	ur.010423163617.53	Jingyan
Han	ur.010605217210.79	Xue
Han	ur.011023347673.80	Xue
Han	ur.011364400172.48	Jingyan
Han	ur.01155132074.18	Xue
Han	ur.01155132074.18	Xue
Han	ur.012125573504.86	Xue
Han	ur.012305126146.23	Xue
Han	ur.013172601140.51	Jingyan
Han	ur.013616062374.16	Xue
Han	ur.013744277140.26	Xue
Han	ur.014342011473.32	Xue
Han	ur.015002517764.35	Xue
Han	ur.015612371270.76	Xue
Han	ur.016330722770.28	Jingyan
Han	ur.016344176247.79	Xue
Han	ur.0671712034.35	Jingyan
Han	ur.0671712034.35	Jingyan
Hartmann	ur.010041231106.57	Christine W
Hartmann	ur.010334411630.51	Christine W
Hartmann	ur.01167701455.69	Christine W
Hartmann	ur.01167701455.69	Christine W
Hartmann	ur.012361175630.12	Christine W
Hartmann	ur.012762442500.14	Christine W
Hartmann	ur.014775252347.62	Christine W
Hartmann	ur.07670066440.88	Christine W
Helveston	ur.014042314215.28	John Paul
Hu	ur.01144472346.77	Libing
Hu	ur.012463451024.70	Elly R
Hu	ur.014672462613.12	Elly R
Huang	ur.01114535725.48	Jiawen
Huang	ur.01114535725.48	Jiawen
Huang	ur.011525066143.40	Nasi
Huang	ur.01226476220.04	Melissa A
Huang	ur.012334663657.86	Chun-Hong
Huang	ur.012631205620.08	Jiawen
Huang	ur.012661525250.06	Nasi
Huang	ur.014715573770.36	Chun-Hong
Huang	ur.015477234203.91	Nasi
Huang	ur.015513154370.50	Jun-Yuan
Huang	ur.0602362570.94	Jun-Yuan
Huang	ur.0640473606.15	Nasi
Hui	ur.015706332221.54	David
Hui	ur.015706332221.54	David
Hui	ur.016352072616.85	David
Ihmoud	ur.014336677255.36	Sarah
Jancsó	ur.01101733473.22	Zsanett
Jancsó	ur.01101733473.22	Zsanett
Jancsó	ur.013331120260.59	Zsanett
Jiang	ur.01040310261.21	Zhihua
Jiang	ur.011375627174.28	Tammy
Jiang	ur.01146346211.23	Zhen Yue
Jiang	ur.012400474567.41	Xin
Jiang	ur.012400474567.41	Xin
Jiang	ur.012633460106.24	Tammy
Jiang	ur.01302433207.08	Bingbing
Jiang	ur.015561267570.70	Zhen Yue
Jiang	ur.016131552656.06	Xin
Jiang	ur.016635510110.33	Bingbing
Jinadasa	ur.0740323266.00	Tushare
Johnson	ur.010162514534.35	William Evan
Johnson	ur.01027064374.49	William Evan
Johnson	ur.011073204253.24	William Evan
Johnson	ur.011315074764.39	William Evan
Johnson	ur.011473643077.12	William Evan
Johnson	ur.012126601142.22	William Evan
Johnson	ur.012343475347.98	Jeffrey P
Johnson	ur.012603317357.36	Carol A
Johnson	ur.01266564761.00	William Evan
Johnson	ur.013255603774.09	William Evan
Johnson	ur.013766004224.55	Jeffrey P
Johnson	ur.014265036063.89	Jeffrey P
Johnson	ur.014265036063.89	Jeffrey P
Johnson	ur.014765667077.12	William Evan
Johnson	ur.015163546110.36	William Evan
Johnson	ur.015655763066.02	William Evan
Johnson	ur.07507744454.19	Jeffrey P
Jones	ur.010471745102.31	David K
Jones	ur.010536150620.28	Matthew Robert
Jones	ur.01216536103.09	Matthew Robert
Jones	ur.013141055067.53	Nathan D
Jones	ur.014643277355.08	Nathan D
Jones	ur.016251527331.48	Nathan D
Jones	ur.016427601136.55	David K
Jun	ur.01021040022.38	Gyungah R
Jun	ur.010253030020.97	Gyungah R
Jun	ur.01037614410.39	Gyungah R
Jun	ur.010404005235.40	Gyungah R
Jun	ur.010620322713.43	Gyungah R
Jun	ur.011411453457.21	Gyungah R
Jun	ur.01200627674.31	Gyungah R
Jun	ur.012442777667.48	Gyungah R
Jun	ur.01275157313.04	Gyungah R
Jun	ur.01311771071.15	Gyungah R
Jun	ur.013235553632.53	Gyungah R
Jun	ur.013304016145.52	Gyungah R
Jun	ur.013327633420.04	Gyungah R
Jun	ur.01336272513.95	Gyungah R
Jun	ur.013374703313.91	Gyungah R
Jun	ur.01361171150.60	Gyungah R
Jun	ur.013652030610.55	Gyungah R
Jun	ur.014053115170.40	Gyungah R
Jun	ur.015414434357.16	Gyungah R
Jun	ur.016401014534.79	Gyungah R
Jun	ur.0745703346.90	Gyungah R
Jun	ur.0745703346.90	Gyungah R
Kadasia	ur.011503531773.25	Kadryn
Kaiser	ur.010575761063.31	Jeanette L
Kaiser	ur.011215322474.10	Jeanette L
Kaiser	ur.011516545214.05	Anica P Pless
Kaiser	ur.013362534727.46	Jeanette L
Kaiser	ur.01336721474.30	Anica P Pless
Kaiser	ur.01336721474.30	Anica P Pless
Kaiser	ur.013750220303.34	Anica P Pless
Kaiser	ur.014000720736.39	Anica P Pless
Kaiser	ur.014605730544.54	Jeanette L
Kaiser	ur.015422026750.13	Anica P Pless
Kaiser	ur.016363465000.03	Jeanette L
Kane	ur.0745654611.44	Erin E
Kearney	ur.012013161431.48	William S
Kim	ur.010106777113.70	Brian L
Kim	ur.01020434415.20	Dongjoon
Kim	ur.01020434415.20	Dongjoon
Kim	ur.010247325123.07	Eun Ji
Kim	ur.010571464364.36	Ducksoo
Kim	ur.010571464364.36	Ducksoo
Kim	ur.011222404614.50	Eun Ji
Kim	ur.011247110630.30	Jessica E
Kim	ur.011275031255.13	Claudia J
Kim	ur.011441455444.84	Eun Ji
Kim	ur.011477410543.84	Eun Ji
Kim	ur.011477410543.84	Eun Ji
Kim	ur.012227645663.49	Hyunjoong W
Kim	ur.01245477547.30	Jiyoun
Kim	ur.01251270064.41	Jiyoun
Kim	ur.012546170170.91	Daekyoo
Kim	ur.012546170170.91	Daekyoo
Kim	ur.012622551444.20	Stephanie
Kim	ur.01267355012.18	Hyun
Kim	ur.012674550366.09	Eun Ji
Kim	ur.012755751216.01	Eun Ji
Kim	ur.013117647227.27	Stephanie
Kim	ur.013436066717.82	Daekyoo
Kim	ur.013455417453.08	Ducksoo
Kim	ur.013510264576.63	Dongjoon
Kim	ur.013771357317.36	Jiyoun
Kim	ur.014002041743.46	Dongjoon
Kim	ur.015136020167.04	Jessica E
Kim	ur.015667101217.25	Ducksoo
Kim	ur.016360454644.36	Eun Ji
Kim	ur.07564401662.69	Chan
Kim	ur.0763771635.45	Stephanie
Kim	ur.0763771635.45	Stephanie
Kim	ur.07647021416.29	Hyunjoong W
Kim	ur.0765725006.82	Chan
Kim	ur.07767323336.34	Eun Ji
Kintsurashvili	ur.01022567301.09	Ekaterina
Kintsurashvili	ur.01022567301.09	Ekaterina
Kintsurashvili	ur.013173776717.13	Ekaterina
Kiriakov	ur.012421526436.45	Szilvia
Kiriakov	ur.015240510064.85	Szilvia
Kiriakov	ur.0657407022.62	Szilvia
Kiriakov	ur.0657407022.62	Szilvia
Klein	ur.010214012262.45	Joshua A
Klein	ur.010452615134.75	Joshua A
Klein	ur.011045640500.05	Joshua A
Klein	ur.011475014666.89	Joshua A
Klein	ur.012234357443.10	Joshua A
Klein	ur.013171627070.21	Joshua A
Klein	ur.014521137572.03	Joshua A
Klein	ur.0710017377.40	Joshua A
Klein	ur.0710017377.40	Joshua A
Klein	ur.07513070524.39	Joshua A
Klimtchuk	ur.01102077505.46	Elena S
Klimtchuk	ur.014657524470.82	Elena S
Kourtis	ur.010255172513.15	Stefanos G
Kourtis	ur.011403521000.09	Stefanos G
Kourtis	ur.01204131047.09	Stefanos G
Kourtis	ur.01204131047.09	Stefanos G
Kourtis	ur.015504133074.86	Stefanos G
Kourtis	ur.016034676411.82	Stefanos G
Kourtis	ur.016442162374.24	Stefanos G
Kutys	ur.013175567151.99	Matthew L
Kutys	ur.014274600734.80	Matthew L
Kutys	ur.0710071532.46	Matthew L
Kutys	ur.0710071532.46	Matthew L
Kwon	ur.011364573234.59	John Y
Kyrtsos	ur.011355742115.14	Alexandros
Lai	ur.01153764445.82	Forest
Lai	ur.012177242264.13	Forest
Le	ur.01047525457.65	Nhat Tran Thanh
Le	ur.011260641444.40	Nhat Tran Thanh
Lee	ur.01002223757.47	Hyunjoo Jean
Lee	ur.010137644237.10	Joowon
Lee	ur.010160551630.13	Heedoo
Lee	ur.010176211264.89	Shin Yin
Lee	ur.01023173453.16	Theresa S
Lee	ur.01023173453.16	Theresa S
Lee	ur.01041021674.13	Mi Jeong
Lee	ur.01041021674.13	Mi Jeong
Lee	ur.01043366425.77	Norman
Lee	ur.010503544743.77	Jung-Wan
Lee	ur.010523005216.03	Hyunjoo Jean
Lee	ur.010553770237.39	Heedoo
Lee	ur.010606130633.22	Mi Jeong
Lee	ur.010614775652.42	Mi Jeong
Lee	ur.010757644305.80	Jung-Wan
Lee	ur.011037731574.89	Mi Jeong
Lee	ur.011205127340.98	Mi Jeong
Lee	ur.011261321707.29	Theresa S
Lee	ur.011263511330.36	Lewina Onyi
Lee	ur.012223752423.15	Jayden
Lee	ur.012247112722.38	Heedoo
Lee	ur.01234512265.35	Lewina Onyi
Lee	ur.01235353342.07	Jongmin
Lee	ur.012373354221.95	Margaret S
Lee	ur.01252316320.57	Sun Y
Lee	ur.01270143747.25	Heedoo
Lee	ur.01270143747.25	Heedoo
Lee	ur.013163623630.96	Yoonjoo K
Lee	ur.013246305556.95	Jung-Wan
Lee	ur.013246305556.95	Jung-Wan
Lee	ur.01331237015.57	Margaret S
Lee	ur.01331237015.57	Margaret S
Lee	ur.013313301367.24	Mi Jeong
Lee	ur.013335051737.78	Jayden
Lee	ur.01333571645.06	Josephine
Lee	ur.013514505601.52	Hyunjoo Jean
Lee	ur.013525432153.32	Hyeon Jeong
Lee	ur.013527360444.15	Norman
Lee	ur.013611144610.69	Heedoo
Lee	ur.014376465254.62	Sun Y
Lee	ur.014446643253.07	Jung-Wan
Lee	ur.014570456104.29	Kyung Min
Lee	ur.015275721172.42	Jongmin
Lee	ur.015357422353.37	Jung-Wan
Lee	ur.015366744031.45	Joowon
Lee	ur.015502155563.14	Migi
Lee	ur.015573030755.16	Jung-Wan
Lee	ur.016226147565.96	Shin Yin
Lee	ur.016274335544.85	Albert
Lee	ur.0630067515.77	Albert
Lee	ur.07640732460.70	Lewina Onyi
Lee	ur.07724132353.46	Mi Jeong
Li	ur.010014324570.28	Amy
Li	ur.010016475007.05	Dan
Li	ur.010054333150.15	Xiaochuan Edward
Li	ur.010127005430.91	Shanshan
Li	ur.010170347140.18	Junjie
Li	ur.01017156475.27	Wan-De
Li	ur.01020151056.60	Shanshan
Li	ur.010273671344.41	Jing Sheng
Li	ur.01057476673.30	Wen
Li	ur.010622324175.54	Junjie
Li	ur.010624432023.14	Xinning
Li	ur.01064244423.17	Lin
Li	ur.01064244423.17	Lin
Li	ur.01075446527.55	Xinning
Li	ur.011016371223.72	Wan-De
Li	ur.01111115023.50	Nien-Chen
Li	ur.01111115023.50	Nien-Chen
Li	ur.011123670333.88	Xinning
Li	ur.01143235167.73	Xinning
Li	ur.01145163015.36	Xinning
Li	ur.011733625714.13	Xinning
Li	ur.012036044573.44	Jinlei
Li	ur.01217225434.44	Shanshan
Li	ur.01220371420.78	Shanshan
Li	ur.012207736652.90	Chendi
Li	ur.01234121026.02	Wan-De
Li	ur.012367316526.65	Shanshan
Li	ur.012414156441.24	Yuyu
Li	ur.012451154200.87	Jing Sheng
Li	ur.012475431266.64	Xinning
Li	ur.01255117114.35	Dan
Li	ur.012563554170.81	Shanshan
Li	ur.01271504514.20	Chendi
Li	ur.01271504514.20	Chendi
Li	ur.013076352224.93	Shanshan
Li	ur.013105320040.52	Lin
Li	ur.013133440016.46	Shanshan
Li	ur.013162717645.03	Xuanyue
Li	ur.01325131157.00	Shanshan
Li	ur.01325131157.00	Shanshan
Li	ur.013373151740.93	Xinning
Li	ur.013420132044.80	Amy
Li	ur.01344445762.36	Jing Sheng
Li	ur.01344445762.36	Jing Sheng
Li	ur.013473547330.16	Jing Sheng
Li	ur.013521343026.16	Zhuting
Li	ur.013600251536.59	Nien-Chen
Li	ur.01362570276.89	Junjie
Li	ur.013636353534.09	Xinning
Li	ur.013663370724.66	Junjie
Li	ur.013675200224.21	Shanshan
Li	ur.013702775125.06	Amy
Li	ur.013702775125.06	Amy
Li	ur.013742004464.05	Junjie
Li	ur.013774702172.61	Jinlei
Li	ur.014134623552.34	Amy
Li	ur.014340326324.00	Xinning
Li	ur.014417474106.45	Jing Sheng
Li	ur.014462520253.49	Xinning
Li	ur.014471543471.53	Aobo
Li	ur.014522613054.29	Aobo
Li	ur.014603417544.17	Shanshan
Li	ur.014610534204.08	Zhuting
Li	ur.014656611170.64	Shanshan
Li	ur.014727432713.66	Haiyue
Li	ur.015051512257.27	Xinning
Li	ur.015101274014.27	Jing Sheng
Li	ur.015542620230.04	Xinning
Li	ur.015671504032.18	Xinning
Li	ur.015726230162.89	Xinning
Li	ur.015737045333.13	Aobo
Li	ur.016127714052.38	Shanshan
Li	ur.016162765730.57	Xinning
Li	ur.016171336610.74	Xinning
Li	ur.016173106034.50	Junjie
Li	ur.016175453373.96	Keyong
Li	ur.016205274134.50	Xuanyue
Li	ur.016252275514.05	Junjie
Li	ur.016305520264.54	Jing Sheng
Li	ur.016667537433.92	Jing Sheng
Li	ur.016670333456.84	Jing Sheng
Li	ur.016706401656.42	Keyong
Li	ur.0576730343.07	Nien-Chen
Li	ur.0603613714.91	Haiyue
Li	ur.0603613714.91	Haiyue
Li	ur.0626500322.21	Wan-De
Li	ur.0660565372.59	Wan-De
Li	ur.0677465514.53	Xinning
Li	ur.0742162173.19	Shanshan
Li	ur.0745751441.02	Shanshan
Li	ur.0746362637.43	Lin
Li	ur.07523420207.39	Xiaoqing
Li	ur.0773314652.48	Xiaochuan Edward
Li	ur.0773314652.48	Xiaochuan Edward
Li	ur.0775163474.89	Lin
Lim	ur.012105455706.38	Sanghee
Lim	ur.01371455346.04	Sung-Joo
Lim	ur.013771746527.70	Sung-Joo
Lim	ur.014527542507.02	Sung-Joo
Lim	ur.014527716632.26	Sung-Joo
Lim	ur.015114321745.66	Elise
Lim	ur.015114321745.66	Elise
Lim	ur.07425607640.31	Elise
Lim	ur.0763033774.97	Sanghee
Lim	ur.0763033774.97	Sanghee
Lin	ur.01004525312.19	Hong Huang
Lin	ur.010203024423.27	Hong Huang
Lin	ur.01024722302.09	Hong Huang
Lin	ur.01027203652.82	Hong Huang
Lin	ur.01033261006.89	Hong Huang
Lin	ur.01033261006.89	Hong Huang
Lin	ur.01052402640.98	Hong Huang
Lin	ur.010532673667.10	Hong Huang
Lin	ur.010552372360.49	Hong Huang
Lin	ur.010622404415.76	Kai Ying
Lin	ur.010631662733.58	Hong Huang
Lin	ur.010644125724.41	Hong Huang
Lin	ur.01065062662.78	Hong Huang
Lin	ur.010713727620.75	Cheng
Lin	ur.01103013357.13	Hong Huang
Lin	ur.011175155646.58	Hong Huang
Lin	ur.011305141452.53	Hong Huang
Lin	ur.01132123561.96	Hong Huang
Lin	ur.011324501226.73	Cheng
Lin	ur.01137352615.47	Hong Huang
Lin	ur.01143350746.23	Hong Huang
Lin	ur.011502533774.38	Hsuan-Ping
Lin	ur.011665642627.60	Hong Huang
Lin	ur.011700137572.77	Hong Huang
Lin	ur.01170427413.43	Hong Huang
Lin	ur.01170776645.53	Xin-Rong
Lin	ur.01212634112.74	Hong Huang
Lin	ur.01213123321.73	Meng-Yun
Lin	ur.01213123321.73	Meng-Yun
Lin	ur.012200063104.55	Meng-Yun
Lin	ur.01223611210.55	Hong Huang
Lin	ur.012440746023.09	Cheng
Lin	ur.012502212724.37	Hong Huang
Lin	ur.012526770304.64	Hong Huang
Lin	ur.01272012520.21	Hong Huang
Lin	ur.013024064416.46	Meng-Yun
Lin	ur.013126663120.20	Xin-Rong
Lin	ur.01317460264.44	Hong Huang
Lin	ur.013175375545.74	Hong Huang
Lin	ur.013240457154.89	Hong Huang
Lin	ur.013250407675.10	Hong Huang
Lin	ur.01325717052.05	Meng-Yun
Lin	ur.013371060715.77	Hong Huang
Lin	ur.013532246573.88	Hong Huang
Lin	ur.013554135253.62	Hong Huang
Lin	ur.013777274662.29	Cheng
Lin	ur.014103362337.34	Hong Huang
Lin	ur.014323051740.34	Kai Ying
Lin	ur.014433304255.15	Hong Huang
Lin	ur.014445070003.54	Hong Huang
Lin	ur.014561106074.18	Hong Huang
Lin	ur.015042767625.39	Jean Z
Lin	ur.015042767625.39	Jean Z
Lin	ur.015107341173.22	Hong Huang
Lin	ur.015221575544.67	Hong Huang
Lin	ur.015244443334.87	Hong Huang
Lin	ur.015313513053.45	Hong Huang
Lin	ur.015500413220.40	Hong Huang
Lin	ur.015537351736.48	Hong Huang
Lin	ur.015564260060.26	Hong Huang
Lin	ur.015610250376.97	Hong Huang
Lin	ur.015751071665.32	Hong Huang
Lin	ur.016157531070.82	Cheng
Lin	ur.016165223572.30	Hong Huang
Lin	ur.016233500656.48	Jean Z
Lin	ur.016332515014.10	Meng-Yun
Lin	ur.016334262457.92	Hong Huang
Lin	ur.016347341543.45	Hong Huang
Lin	ur.016365177140.71	Hong Huang
Lin	ur.016372664224.13	Kai Ying
Lin	ur.016454107046.27	Hsuan-Ping
Lin	ur.016532272174.18	Christopher Q
Lin	ur.016571401154.60	Hong Huang
Lin	ur.016674462457.14	Hong Huang
Lin	ur.016711461172.07	Cheng
Lin	ur.0575455374.50	Hong Huang
Lin	ur.0577032112.38	Hong Huang
Lin	ur.0604023737.80	Hong Huang
Lin	ur.0651155241.53	Hong Huang
Lin	ur.0730574763.03	Cheng
Lin	ur.0730574763.03	Cheng
Lin	ur.07434324102.46	Xin-Rong
Lin	ur.07504331675.96	Hong Huang
Lin	ur.07512277554.21	Hong Huang
Lin	ur.07651623714.38	Hong Huang
Lin	ur.07764260313.00	Hong Huang
Liu	ur.010153425640.32	Gang
Liu	ur.01017056206.48	Gang
Liu	ur.010240402014.24	Ching-Ti
Liu	ur.010240402014.24	Ching-Ti
Liu	ur.01030554517.98	Ching-Ti
Liu	ur.010401130756.21	Ching-Ti
Liu	ur.010751006240.32	Gang
Liu	ur.01075655351.05	Ching-Ti
Liu	ur.010765657040.12	Ching-Ti
Liu	ur.011032111322.82	Ching-Ti
Liu	ur.01111643177.77	Ching-Ti
Liu	ur.011156007341.02	Ching-Ti
Liu	ur.011166064527.98	Ching-Ti
Liu	ur.01122410702.04	Ching-Ti
Liu	ur.011231622410.89	Ching-Ti
Liu	ur.011266040237.21	Ching-Ti
Liu	ur.011305307256.19	Ching-Ti
Liu	ur.011401245514.21	Ching-Ti
Liu	ur.01140514166.67	Pinghua
Liu	ur.01140514166.67	Pinghua
Liu	ur.01156671307.48	Ching-Ti
Liu	ur.01163142112.50	Ching-Ti
Liu	ur.011637115614.28	Ching-Ti
Liu	ur.011654162334.49	Ching-Ti
Liu	ur.011667432334.33	Ching-Ti
Liu	ur.01175135674.70	Libin
Liu	ur.012014316173.15	Ching-Ti
Liu	ur.012032452313.30	Ching-Ti
Liu	ur.012044132200.05	Gang
Liu	ur.012142317304.42	Gang
Liu	ur.01214460021.17	Ching-Ti
Liu	ur.012145333360.40	Ching-Ti
Liu	ur.01214601632.76	Ching-Ti
Liu	ur.012163411110.61	Ching-Ti
Liu	ur.012166344313.45	Ching-Ti
Liu	ur.01223407347.31	Ching-Ti
Liu	ur.012376741054.42	Ching-Ti
Liu	ur.012376765340.36	Ching-Ti
Liu	ur.01243437541.58	Ching-Ti
Liu	ur.012546314754.16	Ching-Ti
Liu	ur.012603270710.13	Pinghua
Liu	ur.01261326644.66	Ching-Ti
Liu	ur.012632471614.36	Ching-Ti
Liu	ur.012652615612.74	Ching-Ti
Liu	ur.012673424616.12	Yue
Liu	ur.01267363052.15	Ching-Ti
Liu	ur.01301753721.82	Ching-Ti
Liu	ur.013033256762.68	Ching-Ti
Liu	ur.013055043301.57	Ching-Ti
Liu	ur.013075527137.98	Ching-Ti
Liu	ur.01326570273.31	Ching-Ti
Liu	ur.013341653253.50	Ching-Ti
Liu	ur.01336321755.48	Ching-Ti
Liu	ur.01336666126.47	Ching-Ti
Liu	ur.01337622550.09	Ching-Ti
Liu	ur.01346627056.82	Ching-Ti
Liu	ur.013477373652.55	Pinghua
Liu	ur.01352723752.65	Ching-Ti
Liu	ur.013665406324.85	Ching-Ti
Liu	ur.013676535730.27	Ching-Ti
Liu	ur.013731323073.97	Ching-Ti
Liu	ur.013772254423.58	Ching-Ti
Liu	ur.014053170351.78	Ching-Ti
Liu	ur.014212524136.54	Ching-Ti
Liu	ur.014341661214.46	Ching-Ti
Liu	ur.014361100244.38	Ching-Ti
Liu	ur.014510430674.26	Pinghua
Liu	ur.014566724112.45	Pinghua
Liu	ur.014727126631.26	Ching-Ti
Liu	ur.015001461207.07	Ching-Ti
Liu	ur.015023013214.59	Ching-Ti
Liu	ur.015073776014.61	Pinghua
Liu	ur.015101653504.97	Ching-Ti
Liu	ur.015124326577.43	Ching-Ti
Liu	ur.015127246045.52	Ching-Ti
Liu	ur.015217663006.34	Ching-Ti
Liu	ur.015331421337.15	Libin
Liu	ur.015331421337.15	Libin
Liu	ur.015447623503.89	Ching-Ti
Liu	ur.015466535157.34	Ching-Ti
Liu	ur.015531647743.60	Ching-Ti
Liu	ur.015613020103.67	Ching-Ti
Liu	ur.015777074314.88	Ching-Ti
Liu	ur.016020350610.78	Pinghua
Liu	ur.016072456016.60	Ching-Ti
Liu	ur.016100274510.28	Yue
Liu	ur.016114031557.40	Ching-Ti
Liu	ur.016176774240.42	Ching-Ti
Liu	ur.016311126515.35	Ching-Ti
Liu	ur.016317761344.69	Ching-Ti
Liu	ur.016473122413.27	Ching-Ti
Liu	ur.016503265164.44	Pinghua
Liu	ur.016515262444.09	Pinghua
Liu	ur.016555202430.10	Ching-Ti
Liu	ur.016673343611.67	Hanqiao
Liu	ur.0613117707.49	Ching-Ti
Liu	ur.0622521462.33	Ching-Ti
Liu	ur.0627436450.20	Ching-Ti
Liu	ur.0662257665.98	Ching-Ti
Liu	ur.0674514713.29	Gang
Liu	ur.0701466255.39	Ching-Ti
Liu	ur.0710054525.92	Ching-Ti
Liu	ur.0710163434.32	Ching-Ti
Liu	ur.0713260512.43	Ching-Ti
Liu	ur.07356334457.29	Ching-Ti
Liu	ur.07473176174.28	Gang
Liu	ur.0747537760.55	Ching-Ti
Liu	ur.0764263524.45	Ching-Ti
Liu	ur.07656567260.39	Ching-Ti
Liu	ur.07720014707.51	Ching-Ti
Liu	ur.07770033151.09	Ching-Ti
Ludeke	ur.01033262057.22	Barbara
Ludeke	ur.01033262057.22	Barbara
Ludeke	ur.012730742240.41	Barbara
Ludeke	ur.016100561400.02	Barbara
Luo	ur.01015720443.37	Yufan
Luo	ur.01022134545.08	Hong-Yuan
Luo	ur.01043607501.33	Hong-Yuan
Luo	ur.010747044750.54	Lingqi
Luo	ur.012217755503.71	Ruihong
Luo	ur.01233441407.78	Lingqi
Luo	ur.012502653764.22	Ruihong
Luo	ur.01314314720.99	Lingqi
Luo	ur.01314314720.99	Lingqi
Luo	ur.01314600415.47	Hong-Yuan
Luo	ur.013323750077.63	Weijun
Luo	ur.01347570414.26	Hong-Yuan
Luo	ur.014060372674.22	Weijun
Luo	ur.014665163700.74	Yufan
Luo	ur.015533644131.80	Ruihong
Luo	ur.015765425107.05	Weijun
Luo	ur.0735625427.87	Hong-Yuan
Luo	ur.0735625427.87	Hong-Yuan
Ma	ur.01237347001.24	Hong
Ma	ur.012530303602.45	Laiyin
Ma	ur.012561507717.01	Yiyi
Ma	ur.012711135332.39	Shugao
Ma	ur.013144046356.11	Yiyi
Ma	ur.013317472774.65	Y
Ma	ur.015307116210.92	Y
Ma	ur.015465226716.77	Yenai
Ma	ur.015611000520.54	Yiyi
Ma	ur.07476235620.45	Yiyi
Madsen	ur.01002320722.92	Curtis
Madsen	ur.01002320722.92	Curtis
Madsen	ur.012624666574.69	Curtis
Madsen	ur.014362742624.05	Curtis
Madsen	ur.015405516342.04	Curtis
Magistrado-Coxen	ur.012635633333.81	Pamela
Mahar	ur.011102163257.65	Ian
Mahar	ur.01206501571.00	Ian
Mahar	ur.016557630103.22	Ian
Majoris	ur.010141176440.65	John E
Majoris	ur.01143127556.85	John E
Mandal	ur.012511677001.62	Aritra
Mandal	ur.016146635520.03	Aritra
Marsland	ur.01171154625.45	Robert A
Marsland	ur.011722401040.68	Robert A
Marsland	ur.01310660413.00	Robert A
Marsland	ur.015447622207.93	Robert A
Marsland	ur.016656435714.03	Robert A
Masiki	ur.013667074402.89	Trent
Masiki	ur.013667074402.89	Trent
Masiki	ur.07775341310.90	Trent
Maziarz	ur.011257603140.23	Marcin
Maziarz	ur.013552101303.08	Marcin
Maziarz	ur.013552101303.08	Marcin
Maziarz	ur.015511533130.36	Marcin
Meng	ur.010040517726.60	Xiang-Yu
Meng	ur.01115036507.22	Le
Meng	ur.01115036507.22	Le
Meng	ur.011156174470.24	Le
Meng	ur.01170133560.58	Le
Meng	ur.012272375266.41	Le
Mercer	ur.011207562253.61	Robert C C
Mercer	ur.01214414646.49	Robert C C
Mercer	ur.012653602444.50	Robert C C
Mesitov	ur.010373650677.97	Mikhail V
Mesitov	ur.0740742764.07	Mikhail V
Mohaghegh	ur.015267017602.17	Nima
Mohaghegh	ur.016034315643.85	Nima
Moore	ur.010061532074.23	Lynn L
Moore	ur.01040756124.48	Catherine Frances
Moore	ur.01040756124.48	Catherine Frances
Moore	ur.010753164076.76	Tara L
Moore	ur.011023145122.01	Lynn L
Moore	ur.011071260322.24	Lynn L
Moore	ur.011121235767.50	Catherine Frances
Moore	ur.011526125704.46	Tara L
Moore	ur.01172577222.50	Lynn L
Moore	ur.011757775407.44	Tara L
Moore	ur.012123053015.68	Lynn L
Moore	ur.012231173612.35	Lynn L
Moore	ur.01230351761.31	Luke
Moore	ur.012372057510.27	Tara L
Moore	ur.012463656231.34	Lynn L
Moore	ur.012532334522.97	Lynn L
Moore	ur.01270440653.75	Tara L
Moore	ur.012736737646.01	Lynn L
Moore	ur.013471424430.60	Lynn L
Moore	ur.01352002756.18	Lynn L
Moore	ur.01366516721.05	Lynn L
Moore	ur.013732176152.00	Lynn L
Moore	ur.014005612604.42	Catherine Frances
Moore	ur.014113524234.16	Lynn L
Moore	ur.015003265174.03	Luke
Moore	ur.015033243422.35	Lynn L
Moore	ur.016063376774.86	Lynn L
Moore	ur.016075422630.89	Tara L
Moore	ur.016250517155.25	Lynn L
Moore	ur.016332116172.50	Lynn L
Moore	ur.016420037714.25	Lynn L
Moore	ur.016426434511.84	Luke
Moore	ur.016426434511.84	Luke
Moore	ur.016467251560.04	Lynn L
Moore	ur.016633701654.29	Luke
Moore	ur.0733450663.46	Catherine Frances
Moore	ur.07400557654.70	Lynn L
Moore	ur.07430204122.09	Lynn L
Moore	ur.07776542166.81	Luke
Morgan	ur.010163357170.85	Jake R
Morgan	ur.010253751102.62	Elise Feng-I
Morgan	ur.010557137275.05	Jonathan R
Morgan	ur.01070646165.16	Elise Feng-I
Morgan	ur.01070646165.16	Elise Feng-I
Morgan	ur.011013146160.87	Jake R
Morgan	ur.012542550330.56	Elise Feng-I
Morgan	ur.012773124602.14	Jake R
Morgan	ur.01313375444.17	Jake R
Morgan	ur.01313375444.17	Jake R
Morgan	ur.013172657375.50	Ryan
Morgan	ur.013262150635.45	Jake R
Morgan	ur.013643522576.14	Jake R
Morgan	ur.014350500010.38	Jake R
Morgan	ur.014751363472.44	Elise Feng-I
Morgan	ur.015275614727.03	Jake R
Morgan	ur.016047712414.67	Elise Feng-I
Morgan	ur.016467010644.43	Ryan
Morgan	ur.016604217014.78	Kathleen G
Morgan	ur.0605614010.40	Kathleen G
Morgan	ur.0605614010.40	Kathleen G
Morgan	ur.07700272243.82	Elise Feng-I
Mori	ur.01016754075.04	Deanna L
Mori	ur.01205405640.13	Deanna L
Mori	ur.012405757736.20	Deanna L
Mori	ur.014272622666.79	Deanna L
Morrison	ur.01267122244.18	Will Z
Morrison	ur.013173614620.82	Tasha Alease
Morrison	ur.0710005550.00	Tasha Alease
Morrison	ur.0710005550.00	Tasha Alease
Morrison	ur.07673266500.43	Tasha Alease
Mote	ur.01246216660.07	Jasmine
Mote	ur.01246216660.07	Jasmine
Mote	ur.013272505454.32	Jasmine
Mote	ur.016337631621.91	Jasmine
Mote	ur.0665347130.08	Jasmine
Mott	ur.010546416246.24	Melanie M
Mott	ur.01200136257.56	Melanie M
Mott	ur.013673055374.86	Melanie M
Mott	ur.014756763514.94	Melanie M
Mott	ur.07601742253.24	James
Murray-Bruce	ur.010015255513.21	John
Murray-Bruce	ur.012250201145.50	John
Murray-Bruce	ur.012250201145.50	John
Murray-Bruce	ur.015444272547.89	John
Olsen	ur.016015120414.42	Michelle E
Olsen	ur.07651643425.11	Michelle E
Olsen	ur.07756264752.05	Michelle E
Paine	ur.010424461217.80	David R
Paine	ur.010424461217.80	David R
Paine	ur.011641176252.42	David R
Pan	ur.010260016210.94	Xiang
Pan	ur.010332645065.68	Shuheng H
Pan	ur.011475355401.49	Shuheng H
Pan	ur.013656354703.28	Xiang
Papademetriou	ur.015563707054.48	Iason T
Papademetriou	ur.0637046610.11	Iason T
Papademetriou	ur.0637046610.11	Iason T
Papademetriou	ur.07744005360.29	Iason T
Park	ur.010131216522.76	Harold S
Park	ur.010244056467.38	Minhee
Park	ur.010321474240.14	Seonmi
Park	ur.010357427473.72	Harold S
Park	ur.010443565615.19	Minhee
Park	ur.01047761776.48	Jong-Won
Park	ur.01047761776.48	Jong-Won
Park	ur.010722475062.07	Hee-Young
Park	ur.011003303414.71	Harold S
Park	ur.011010713024.97	Harold S
Park	ur.011231635312.06	Harold S
Park	ur.01245771102.76	Harold S
Park	ur.01245771102.76	Harold S
Park	ur.013067416217.76	Tae-Jin
Park	ur.013067416217.76	Tae-Jin
Park	ur.013525747533.36	Tae-Jin
Park	ur.013645102177.11	Harold S
Park	ur.014163600153.55	Seonmi
Park	ur.014163600153.55	Seonmi
Park	ur.014507203475.20	Tae-Jin
Park	ur.016310170713.40	Tae-Jin
Park	ur.016335156532.12	Seonmi
Park	ur.0603111502.17	Harold S
Park	ur.0627771327.46	Harold S
Park	ur.0677246675.80	Jong-Won
Park	ur.0724201320.89	Harold S
Park	ur.0740553560.73	Hee-Young
Park	ur.07415321052.00	Hee-Young
Park	ur.07705033511.76	Kathleen Marshall
Patel	ur.010706300736.38	Janake
Patel	ur.010714126773.94	Kalpita
Patel	ur.011041437067.03	Nikit
Patel	ur.011302246610.37	Nikit
Patel	ur.012020404104.60	Nikit
Patel	ur.012141247670.09	Kalpita
Patel	ur.012340435221.05	Nikit
Patel	ur.012340435221.05	Nikit
Patel	ur.012375425341.98	Rushi
Patel	ur.012626737620.12	Devanshi
Patel	ur.014245505140.59	Prachi P
Patel	ur.015114361635.59	Nikit
Patel	ur.015243560360.63	Devanshi
Patel	ur.015256363056.77	Kalpita
Patel	ur.015256363056.77	Kalpita
Patel	ur.016627147257.07	Prachi P
Patel	ur.016627147257.07	Prachi P
Payir	ur.0635431233.79	Ayse
Perkins	ur.010177670013.39	Rebecca Bernstein
Perkins	ur.010240651047.10	L Nathan
Perkins	ur.010605446174.04	Rebecca Bernstein
Perkins	ur.011161117334.41	L Nathan
Perkins	ur.011517271404.27	Rebecca Bernstein
Perkins	ur.01173746406.51	Rebecca Bernstein
Perkins	ur.01173746406.51	Rebecca Bernstein
Perkins	ur.011741334233.93	Rebecca Bernstein
Perkins	ur.012314477641.34	L Nathan
Perkins	ur.012537732550.56	Rebecca Bernstein
Perkins	ur.012635727750.40	Rebecca Bernstein
Perkins	ur.013453160434.91	Rebecca Bernstein
Perkins	ur.013542371170.60	Rebecca Bernstein
Perkins	ur.014506174460.19	Rebecca Bernstein
Perkins	ur.015172145700.47	Rebecca Bernstein
Perkins	ur.015750236226.87	Rebecca Bernstein
Perkins	ur.016041405462.83	Rebecca Bernstein
Phipps	ur.010171032133.80	Phillip H
Pickering	ur.015266016374.71	Richard T
Pickering	ur.07751035646.51	Richard T
Pittman-Polletta	ur.01157567146.13	Benjamin Rafael
Pittman-Polletta	ur.013341443564.11	Benjamin Rafael
Pittman-Polletta	ur.016413511314.39	Benjamin Rafael
Pittman-Polletta	ur.07600465254.44	Benjamin Rafael
Porter	ur.010453576654.41	Tyrone M
Porter	ur.010537267667.39	Tyrone M
Porter	ur.012516553763.17	Tyrone M
Porter	ur.012731707360.09	Tyrone M
Porter	ur.015405551503.89	Tyrone M
Porter	ur.0704752650.36	Tyrone M
Porter	ur.0704752650.36	Tyrone M
Pu	ur.013343550570.73	Xia
Pu	ur.013723557172.17	Yi
Pu	ur.015226457420.30	Yi
Pu	ur.015575532025.43	Yi
Pu	ur.015575532025.43	Yi
Pu	ur.07652604317.17	Xia
Qin	ur.010043640032.32	Lucy
Qin	ur.01026630000.78	Tian
Qin	ur.01045076420.84	Fuzhong
Qin	ur.011632602250.11	Fuzhong
Qin	ur.012326132760.70	Fuzhong
Qin	ur.01277022353.10	Fuzhong
Qin	ur.013377414522.87	Tian
Qin	ur.015675542752.67	Wenda
Qin	ur.0745600271.15	Fuzhong
Qin	ur.0745600271.15	Fuzhong
Qin	ur.0775202330.78	Fuzhong
Qin	ur.0776506612.29	Fuzhong
Ray	ur.01253722105.27	Tathagat Dutta
Ray	ur.013431226776.59	Leah C
Ray	ur.015150324333.11	Leah C
Reeves	ur.012027122772.62	Jeremy B
Reeves	ur.07502765760.52	Jeremy B
Reichl	ur.010030703264.05	Kyle D
Reichl	ur.01122746477.28	Kyle D
Reichl	ur.01122746477.28	Kyle D
Reichl	ur.015561736103.16	Kyle D
Reichl	ur.015567736122.49	Kyle D
Ren	ur.01024267245.38	Zhong Justin
Rich	ur.011761605744.41	Celeste B
Rich	ur.012443167753.57	Celeste B
Rich	ur.012571142604.36	Sharon
Rich	ur.01266254603.60	Celeste B
Rich	ur.01266254603.60	Celeste B
Rich	ur.015350146450.86	Sharon
Rich	ur.016641616114.46	Celeste B
Righi	ur.016250727435.73	Cesare
Robinson	ur.016017513273.55	Amy A
Rochester	ur.010100330775.28	Shana E
Ronfard	ur.014123576334.77	Samuel
Ronfard	ur.016510426146.53	Samuel
Ronfard	ur.0731312027.56	Samuel
Ronfard	ur.0731312027.56	Samuel
Roy	ur.010400050340.34	Sayon
Roy	ur.011261554720.71	Sayon
Roy	ur.011534474652.94	Sayon
Roy	ur.01172740646.45	Priya
Roy	ur.012671740247.48	Sayon
Roy	ur.015624117744.16	Priya
Roy	ur.015700606176.35	Sayon
Roy	ur.07467312143.26	Sayon
Ruan	ur.015033062050.58	Zhi
Ruan	ur.015261536050.03	Qiu T
Ruan	ur.016606661363.62	Qiu T
Ruan	ur.016606661363.62	Qiu T
Ruedas	ur.015645350644.10	John B
Ruedas	ur.016226077543.26	John B
Ruedas	ur.0660216254.99	John B
Ruedas	ur.0660216254.99	John B
Sarkar	ur.01031675447.65	Sibaji
Sarkar	ur.01031675447.65	Sibaji
Sarkar	ur.010775677630.07	Bedabrata
Sarkar	ur.011623172516.16	Bedabrata
Sarkar	ur.01171723604.05	Bedabrata
Sarkar	ur.01171723604.05	Bedabrata
Sarkar	ur.01337445572.20	Sibaji
Sarkar	ur.014602713674.28	Sibaji
Sarkar	ur.016210554237.11	Sibaji
Sarnowski	ur.011004024340.24	Chloe
Sarnowski	ur.011025307344.59	Chloe
Sarnowski	ur.011526407354.21	Chloe
Sarnowski	ur.012642772666.44	Chloe
Sarnowski	ur.013540546620.06	Chloe
Sarnowski	ur.015013103360.11	Chloe
Sarnowski	ur.015023272524.11	Chloe
Sarnowski	ur.015767607150.82	Chloe
Sarnowski	ur.016510717160.15	Chloe
Sarnowski	ur.0763034260.23	Chloe
Sarnowski	ur.07766652140.17	Chloe
Sethi	ur.015507250150.11	Manveen K
Sethi	ur.0626741142.28	Manveen K
Sethi	ur.0626741142.28	Manveen K
Shen	ur.012554060334.60	Jun
Shen	ur.016021131003.26	Jun
Sherfey	ur.013315634454.92	Jason S
Sherfey	ur.013325243400.80	Jason S
Sherfey	ur.0604400047.06	Jason S
Sherfey	ur.0604400047.06	Jason S
Shi	ur.012077125441.11	Wei
Shi	ur.012674327017.94	Chao
Shi	ur.016617074433.70	Run
Shim	ur.01105500427.10	Joon Wan
Singh	ur.010033032414.14	Kuldeep
Singh	ur.011501210112.52	Inder
Singh	ur.012622201233.47	Kuldeep
Singh	ur.012622201233.47	Kuldeep
Singh	ur.013536403377.13	Inder
Sinha	ur.015351464753.43	Pranay
Sinha	ur.015351464753.43	Pranay
Sinha	ur.016030210173.10	Pranay
Smith	ur.010157141764.51	Kevin E
Smith	ur.010267527264.27	Kevin E
Smith	ur.010407616764.67	Kevin E
Smith	ur.01075035604.10	Steven
Smith	ur.01076271374.31	Michael L
Smith	ur.011112536244.92	Brian N
Smith	ur.01112530467.29	Kevin E
Smith	ur.011740222736.68	Kevin E
Smith	ur.011742320734.06	Kevin E
Smith	ur.011776716664.90	Kevin E
Smith	ur.012041170764.89	Kevin E
Smith	ur.012050721241.21	Michael
Smith	ur.01206762662.22	Brian N
Smith	ur.01206762662.22	Brian N
Smith	ur.012205733404.82	Brian N
Smith	ur.012462332064.41	Meghan L
Smith	ur.012465545063.07	Michael J
Smith	ur.013073751644.87	Eugenia
Smith	ur.01320201707.50	Michael L
Smith	ur.013240550353.84	Michael
Smith	ur.01327673364.30	Michael L
Smith	ur.013322477462.26	Lauren A
Smith	ur.013434131764.81	Kevin E
Smith	ur.013515124207.40	M
Smith	ur.013525514221.37	Kevin E
Smith	ur.014162026722.83	Lauren A
Smith	ur.014166775103.92	Michael J
Smith	ur.014502451446.90	Tawnya D
Smith	ur.014553024077.97	Nicole M S
Smith	ur.014610545517.28	Brian N
Smith	ur.015126037742.56	Kevin E
Smith	ur.015176523272.71	Kevin E
Smith	ur.015220630463.64	Kevin E
Smith	ur.015256231412.53	Kevin E
Smith	ur.015376420440.55	Lauren A
Smith	ur.015577465414.39	Brian N
Smith	ur.015652176525.08	Grant C
Smith	ur.016115464342.86	Kevin E
Smith	ur.016132745764.98	Kevin E
Smith	ur.016267540243.07	Kevin E
Smith	ur.016536262364.84	Kevin E
Smith	ur.0621241331.10	Eugenia
Smith	ur.0714544424.52	Lauren A
Smith	ur.0733011452.06	Lauren A
Smith	ur.0733011452.06	Lauren A
Smith	ur.07466305564.30	Kevin E
Smith	ur.07476007764.54	Kevin E
Song	ur.01006136262.04	Weiye
Song	ur.01006136262.04	Weiye
Song	ur.011124127477.75	Weiye
Song	ur.011735503734.80	Weiye
Song	ur.012054306764.87	Heng
Song	ur.012407100743.09	Brian
Song	ur.01251052023.13	Ye
Song	ur.012711225772.00	Weiye
Song	ur.013132244257.02	Ye
Song	ur.013421660165.41	Rachel
Song	ur.014120213370.05	Ye
Song	ur.015044666130.85	Jiaxi
Song	ur.015044666130.85	Jiaxi
Song	ur.015767143274.49	Heng
Song	ur.016361022751.76	Brian
Song	ur.016616357170.46	Jiaxi
Song	ur.0716512763.48	Heng
Sponholtz	ur.011272746624.29	Todd R
Sponholtz	ur.011335204053.22	Todd R
Sponholtz	ur.011773015260.16	Todd R
Sponholtz	ur.013144354107.13	Todd R
Sponholtz	ur.0767346735.66	Todd R
Sponholtz	ur.0767346735.66	Todd R
Stanley	ur.010106627327.55	H Eugene Eugene
Stanley	ur.010112613230.80	H Eugene Eugene
Stanley	ur.010210237424.36	H Eugene Eugene
Stanley	ur.010222221770.50	H Eugene Eugene
Stanley	ur.010223141055.36	H Eugene Eugene
Stanley	ur.010443341554.58	H Eugene Eugene
Stanley	ur.010510432405.10	H Eugene Eugene
Stanley	ur.010575305512.47	H Eugene Eugene
Stanley	ur.011021125564.60	H Eugene Eugene
Stanley	ur.011142021472.86	H Eugene Eugene
Stanley	ur.01131327501.54	H Eugene Eugene
Stanley	ur.011435072637.34	H Eugene Eugene
Stanley	ur.011445116312.72	H Eugene Eugene
Stanley	ur.011553753745.22	H Eugene Eugene
Stanley	ur.011567144202.18	H Eugene Eugene
Stanley	ur.012114774730.65	H Eugene Eugene
Stanley	ur.012122730360.24	H Eugene Eugene
Stanley	ur.012140615515.95	H Eugene Eugene
Stanley	ur.012443301623.48	H Eugene Eugene
Stanley	ur.012456572615.29	H Eugene Eugene
Stanley	ur.012502607540.25	H Eugene Eugene
Stanley	ur.012565257155.57	H Eugene Eugene
Stanley	ur.012722514207.95	H Eugene Eugene
Stanley	ur.012754270555.86	H Eugene Eugene
Stanley	ur.013066302607.83	H Eugene Eugene
Stanley	ur.013134227205.68	H Eugene Eugene
Stanley	ur.013244670262.83	H Eugene Eugene
Stanley	ur.013361116662.70	H Eugene Eugene
Stanley	ur.013571763604.06	David A
Stanley	ur.013675371507.55	H Eugene Eugene
Stanley	ur.013705257361.01	H Eugene Eugene
Stanley	ur.013722161162.90	H Eugene Eugene
Stanley	ur.014055674235.77	H Eugene Eugene
Stanley	ur.014064312352.24	H Eugene Eugene
Stanley	ur.014137047475.53	H Eugene Eugene
Stanley	ur.014416605130.07	H Eugene Eugene
Stanley	ur.014540115530.97	H Eugene Eugene
Stanley	ur.014571516062.74	H Eugene Eugene
Stanley	ur.014651404071.32	H Eugene Eugene
Stanley	ur.014754057662.37	H Eugene Eugene
Stanley	ur.015100037656.76	H Eugene Eugene
Stanley	ur.015210520703.04	H Eugene Eugene
Stanley	ur.015265527475.10	H Eugene Eugene
Stanley	ur.015503325062.00	H Eugene Eugene
Stanley	ur.015551440262.29	H Eugene Eugene
Stanley	ur.015653256255.68	H Eugene Eugene
Stanley	ur.016112502562.59	H Eugene Eugene
Stanley	ur.016236123526.10	H Eugene Eugene
Stanley	ur.016303536454.22	David A
Stanley	ur.016374330764.67	H Eugene Eugene
Stanley	ur.016476234354.62	H Eugene Eugene
Stanley	ur.016502222726.55	H Eugene Eugene
Stanley	ur.07513732375.08	H Eugene Eugene
Stanley	ur.07572661735.16	H Eugene Eugene
Stanley	ur.0767651144.84	H Eugene Eugene
Stanley	ur.0767651144.84	H Eugene Eugene
Stanley	ur.07747136535.25	H Eugene Eugene
Steele	ur.014760644300.10	Stephanie Jarvi
Steele	ur.07640311404.18	Stephanie Jarvi
Steele	ur.07640311404.18	Stephanie Jarvi
Suarez	ur.010216140653.06	Dariel
Suarez	ur.0662704570.83	Fernando F
Sullivan	ur.01002402575.65	Meg M
Sullivan	ur.01002402575.65	Meg M
Sullivan	ur.010034204064.07	Jennifer L
Sullivan	ur.010127100362.27	Lisa M
Sullivan	ur.010140102064.58	Kimberly A
Sullivan	ur.010150355060.43	Lisa M
Sullivan	ur.010223545152.01	Jennifer L
Sullivan	ur.010305742177.21	Kimberly A
Sullivan	ur.010322172267.15	Catherine A
Sullivan	ur.01035010324.05	Lisa M
Sullivan	ur.010401675170.83	Kimberly A
Sullivan	ur.010474443716.17	Jennifer L
Sullivan	ur.01102537335.55	Lisa M
Sullivan	ur.011211767747.51	Jennifer L
Sullivan	ur.011400030116.12	Jennifer L
Sullivan	ur.011467340427.82	Meg M
Sullivan	ur.01150167044.06	Lisa M
Sullivan	ur.01164247510.70	Lisa M
Sullivan	ur.011656256336.37	Kimberly A
Sullivan	ur.011734010132.62	Jennifer L
Sullivan	ur.01174561613.84	Lisa M
Sullivan	ur.012000241574.96	Meg M
Sullivan	ur.012003021260.46	Jennifer L
Sullivan	ur.01206212374.50	Lisa M
Sullivan	ur.01217036266.47	Lisa M
Sullivan	ur.012215316342.31	Meg M
Sullivan	ur.012262130353.08	Meg M
Sullivan	ur.012334430374.22	Kimberly A
Sullivan	ur.01252407631.25	Lisa M
Sullivan	ur.01267013640.12	Lisa M
Sullivan	ur.01306414237.23	Lisa M
Sullivan	ur.01306647562.05	Lisa M
Sullivan	ur.01307707721.07	Lisa M
Sullivan	ur.013077117244.09	Meg M
Sullivan	ur.013160624333.26	Jennifer L
Sullivan	ur.013356777145.36	Kimberly A
Sullivan	ur.013701553374.07	Meg M
Sullivan	ur.013745745673.40	Lisa M
Sullivan	ur.014134765140.38	Jennifer L
Sullivan	ur.014145307030.07	Meg M
Sullivan	ur.014172151344.69	Jennifer L
Sullivan	ur.014236263400.16	Jennifer L
Sullivan	ur.014736011033.44	David W
Sullivan	ur.015217454506.70	Jennifer L
Sullivan	ur.016110474512.12	David W
Sullivan	ur.016143226717.71	Lisa M
Sullivan	ur.016143226717.71	Lisa M
Sullivan	ur.016166301610.03	Jennifer L
Sullivan	ur.016241517463.02	Kimberly A
Sullivan	ur.016351540207.96	Catherine A
Sullivan	ur.016614303367.31	Meg M
Sullivan	ur.0645221117.16	Lisa M
Sullivan	ur.0645571546.63	Lisa M
Sullivan	ur.0662334470.09	Kimberly A
Sullivan	ur.0662334470.09	Kimberly A
Sullivan	ur.0671705375.15	Lisa M
Sullivan	ur.07454606640.74	Meg M
Sullivan	ur.0746723400.29	Jennifer L
Sullivan	ur.0746723400.29	Jennifer L
Sullivan	ur.0752474602.32	Lisa M
Sullivan	ur.0766332270.02	Lisa M
Sullivan-Wiley	ur.012455741234.22	Kira A
Sun	ur.010403004053.76	Fangui Jenny
Sun	ur.010403004053.76	Fangui Jenny
Sun	ur.010751037751.34	Fangui X
Sun	ur.01125236364.44	Fangui X
Sun	ur.01125236364.44	Fangui X
Sun	ur.011375105143.28	Fangui X
Sun	ur.011423666270.67	Fangui X
Sun	ur.011625622773.28	Maxine
Sun	ur.012026577666.20	Maxine
Sun	ur.012076746417.45	Ningyuan
Sun	ur.012446551504.33	Maxine
Sun	ur.012640620142.41	Estelle Y
Sun	ur.012741616374.41	Maxine
Sun	ur.01311313543.00	Maxine
Sun	ur.013222204114.76	Maxine
Sun	ur.01322416734.99	Maxine
Sun	ur.01322416734.99	Maxine
Sun	ur.013714573517.10	Estelle Y
Sun	ur.013714573517.10	Estelle Y
Sun	ur.014032656405.37	Fangui X
Sun	ur.014352527530.24	Maxine
Sun	ur.014502276464.43	Maxine
Sun	ur.014720163360.89	Maxine
Sun	ur.015037332700.18	Maxine
Sun	ur.015222570730.51	Arthur F
Sun	ur.015360651724.19	Fangui Jenny
Sun	ur.015624121726.52	Maxine
Sun	ur.015640302436.92	Maxine
Sun	ur.015666004452.54	Fangui X
Sun	ur.015772423554.55	Maxine
Sun	ur.016343125254.51	Maxine
Sun	ur.016421610600.89	Fangui X
Sun	ur.016663370744.67	Fangui X
Sun	ur.0623222756.42	Fangui X
Sun	ur.0715745365.79	Fangui X
Sun	ur.07411653002.48	Maxine
Sun	ur.07427201267.05	Maxine
Sun	ur.07716310627.28	Zhihao
Taheri	ur.012004042747.62	Ebadollah
Tan	ur.011016735655.96	Jinwang
Tan	ur.012776307100.43	Jinwang
Tang	ur.010541456444.22	Yang
Tang	ur.011770366513.06	Jianbo
Tang	ur.012542044756.62	Xiaoren
Tang	ur.014431077020.62	Yang
Tang	ur.014431077020.62	Yang
Tang	ur.016330472677.59	Yang
Tang	ur.016434611426.21	Yang
Tang	ur.0637425550.47	Xiaoren
Tang	ur.0637425550.47	Xiaoren
Tang	ur.0641737147.05	Xiaojing
Tang	ur.0724024600.42	Xiaoren
Taylor	ur.01156310651.51	Andrew W
Taylor	ur.01224772252.26	Andrew W
Taylor	ur.012372257503.68	Andrew W
Taylor	ur.012414533044.34	Andrew W
Taylor	ur.013334037053.55	Andrew W
Taylor	ur.013457427612.24	Andrew W
Taylor	ur.0642755770.97	Andrew W
Taylor	ur.0716757411.62	Andrew W
Thompson	ur.010574213466.99	Ladora V
Thompson	ur.011222502672.85	Ladora V
Thompson	ur.011512065457.14	Diane M
Thompson	ur.01252421753.24	Ladora V
Thompson	ur.012547517304.60	Ladora V
Thompson	ur.013261433157.26	Ladora V
Thompson	ur.014155317330.86	Diane M
Thompson	ur.015425076021.73	Ladora V
Thompson	ur.015435574523.62	Ladora V
Thompson	ur.015633250701.98	Ladora V
Thompson	ur.016363760651.29	Diane M
Thompson	ur.016363760651.29	Diane M
Thompson	ur.0753617070.54	Rebecca L
Thompson	ur.0762116220.11	Ladora V
Tilston-Lünel	ur.0751160004.86	Andrew M
Tilston-Lünel	ur.07546222003.45	Andrew M
Tran	ur.012376503415.40	Anna H
Tran	ur.01247362333.51	Anna H
Tran	ur.013634215376.84	Anna H
Tseng	ur.01031410061.21	Hua-An
Tseng	ur.01031410061.21	Hua-An
Tseng	ur.010712165146.14	Hua-An
Tseng	ur.014467703240.86	Hua-An
Tseng	ur.015117747010.40	Hua-An
Tseng	ur.015664665201.80	Alice Y
Tseng	ur.0746400173.01	Hua-An
Tsukahara	ur.010324435477.12	Yuko
Tsukahara	ur.016330654417.44	Yuko
Tucker	ur.010530114225.32	Anita L
Tucker	ur.01114263534.49	Anita L
Tucker	ur.01114263534.49	Anita L
Tucker	ur.01254551024.71	Anita L
Tucker	ur.014276455661.61	Anita L
Tucker	ur.015736406025.24	Anita L
Umeh	ur.016675303430.21	Chukwuemeka Anthony
Umeh	ur.0720142164.57	Chukwuemeka Anthony
Vanuytsel	ur.011415573664.91	Kim
Vanuytsel	ur.011600653620.28	Kim
Vanuytsel	ur.014206016300.49	Kim
Vanuytsel	ur.0710651575.67	Kim
Varga	ur.01352411245.54	Shannon M
Villard	ur.01237165017.63	Sarah
Vitale	ur.014326267565.55	Lorenzo G
Vitale	ur.016617520742.18	Lorenzo G
Walker	ur.011071277703.19	Lindsey M
Walker	ur.012434646064.02	Joshua
Walker	ur.012435634616.50	Joshua
Walker	ur.012435634616.50	Joshua
Walker	ur.013465160530.16	Lindsey M
Walker	ur.014356323660.36	Joshua
Wang	ur.010027577074.04	Hanxiao
Wang	ur.01003541577.43	Julia
Wang	ur.010050213701.91	Yu Mei
Wang	ur.010050213701.91	Yu Mei
Wang	ur.010057734307.31	Xingzhi
Wang	ur.010310362244.00	Jingyi
Wang	ur.010321640574.34	Monica L
Wang	ur.010427651610.06	Monica L
Wang	ur.010474617377.21	Imbert
Wang	ur.010474617377.21	Imbert
Wang	ur.010525037660.49	Shuai
Wang	ur.010525037660.49	Shuai
Wang	ur.010527461164.53	Shu
Wang	ur.01054616047.73	Zhongyan
Wang	ur.01054616047.73	Zhongyan
Wang	ur.010651224754.40	Yunjie
Wang	ur.010657033074.12	Shu
Wang	ur.010712346366.16	Zhongyan
Wang	ur.01074457134.10	Catharine
Wang	ur.01110255312.59	Yunjie
Wang	ur.01134357625.06	Ren
Wang	ur.011366711646.65	Ren
Wang	ur.01145031054.78	Zongwei
Wang	ur.011464761770.55	Guan
Wang	ur.01150357660.08	Catharine
Wang	ur.011672652453.45	Qi
Wang	ur.012021336574.26	Zhongyan
Wang	ur.012121454115.97	Taiyao
Wang	ur.012134417444.85	Shu
Wang	ur.012170360204.55	Catharine
Wang	ur.012262676630.85	Taiyao
Wang	ur.01227040166.12	Qi
Wang	ur.012432630320.79	Na
Wang	ur.012455532663.20	Jonathan A
Wang	ur.01246427270.47	Hua'O
Wang	ur.012465431674.51	Xingzhi
Wang	ur.01261260400.97	Catharine
Wang	ur.012734142157.96	Tiebin
Wang	ur.012742176420.51	Monica L
Wang	ur.012751114410.58	Yu Mei
Wang	ur.01310247525.25	Ke
Wang	ur.013103744166.74	Imbert
Wang	ur.01316073065.25	Qi
Wang	ur.01321444055.75	Zongwei
Wang	ur.01321444055.75	Zongwei
Wang	ur.013267504674.41	Jingyi
Wang	ur.013334436123.01	Yunjie
Wang	ur.01351053013.12	Catharine
Wang	ur.013521610134.98	Xiaowei
Wang	ur.01352255105.12	Chao
Wang	ur.013550157470.02	Monica L
Wang	ur.013567300430.42	Biqi
Wang	ur.013575551571.80	Hanxiao
Wang	ur.013575551571.80	Hanxiao
Wang	ur.01361614423.37	Zongwei
Wang	ur.01367052213.05	Monica L
Wang	ur.013771407464.77	Tiebin
Wang	ur.014032756421.49	Qi
Wang	ur.014300475471.34	Zhe
Wang	ur.014440214460.29	Na
Wang	ur.014440214460.29	Na
Wang	ur.014664712437.65	Taiyao
Wang	ur.014666200224.83	Zongwei
Wang	ur.014772236140.39	Biqi
Wang	ur.014772742452.46	Biqi
Wang	ur.015017762444.46	Jonathan A
Wang	ur.015024677503.46	Yuefeng
Wang	ur.015204326374.67	Monica L
Wang	ur.015505477606.12	Imbert
Wang	ur.015555337420.10	Zongwei
Wang	ur.015564703547.16	Zhongyan
Wang	ur.016064572757.98	Biqi
Wang	ur.016121357573.30	Na
Wang	ur.016161516620.95	Zhongyan
Wang	ur.016247560044.70	Manjie
Wang	ur.016262451624.90	Guan
Wang	ur.016414105264.98	Ren
Wang	ur.016530014775.05	Xiaoyu
Wang	ur.016561672214.87	Na
Wang	ur.016566153536.39	Chao
Wang	ur.0617642577.03	Catharine
Wang	ur.0620731666.43	Na
Wang	ur.0641244015.92	Guan
Wang	ur.0700064445.84	Shu
Wang	ur.0700064445.84	Shu
Wang	ur.0705024343.60	Shuai
Wang	ur.0713425701.02	Wenyu
Wang	ur.0715637763.26	Manjie
Wang	ur.0715637763.26	Manjie
Wang	ur.07546214554.29	Zongwei
Wang	ur.0776032070.34	Monica L
Wang	ur.0776032070.34	Monica L
Ward	ur.01347404273.97	Christina M
Ward	ur.014602416673.54	Christina M
Wei	ur.013117652570.83	Juan
Wei	ur.013646117414.63	Yibing
Wei	ur.014563154223.32	Juan
Wei	ur.015316520172.16	Juan
Wei	ur.07731540226.75	Juan
Wesselink	ur.010546347174.65	Amelia Kent
Wesselink	ur.012272534374.73	Amelia Kent
Wesselink	ur.012566074520.91	Amelia Kent
Wesselink	ur.013244530715.11	Amelia Kent
Wesselink	ur.014406222710.40	Amelia Kent
Wesselink	ur.014744035027.53	Amelia Kent
Wesselink	ur.0705116241.53	Amelia Kent
Wesselink	ur.0705116241.53	Amelia Kent
Wesselink	ur.07507453513.06	Amelia Kent
Wesselink	ur.07762201223.01	Amelia Kent
Wong	ur.01024156703.79	Kevin
Wong	ur.01032154416.45	Nicole M L
Wong	ur.01032154416.45	Nicole M L
Wong	ur.010775411122.38	Joyce Y
Wong	ur.011026565436.01	Brandon G
Wong	ur.01145647341.90	Joyce Y
Wong	ur.01145647341.90	Joyce Y
Wong	ur.01147665411.57	Chen-Khuan
Wong	ur.011516121743.21	Joyce Y
Wong	ur.012244165754.33	Joyce Y
Wong	ur.012366271735.30	Brandon G
Wong	ur.013040200202.99	Nicole M L
Wong	ur.013041556644.80	Wilson W
Wong	ur.013163652335.06	Winnie S
Wong	ur.01357671363.70	Winnie S
Wong	ur.01357671363.70	Winnie S
Wong	ur.013635560602.96	Wilson W
Wong	ur.013673043433.89	Joyce Y
Wong	ur.014306347433.09	Joyce Y
Wong	ur.014413547323.61	Chen-Khuan
Wong	ur.014760152360.11	Anthony Y H
Wong	ur.015001000434.47	Joyce Y
Wong	ur.0660124635.17	Wilson W
Wong	ur.0660124635.17	Wilson W
Wong	ur.07523643362.35	Wilson W
Wong	ur.07545417210.02	Joyce Y
Wong	ur.07561454573.21	Brandon G
Wong	ur.07561454573.21	Brandon G
Wu	ur.01044345630.46	Junjie
Wu	ur.010463261044.29	Bei
Wu	ur.010466035264.12	Chia-Chien
Wu	ur.011011372662.09	Jiandong
Wu	ur.011037024474.41	Linxi
Wu	ur.011164424313.11	H Denis
Wu	ur.011172700773.20	Qianfan
Wu	ur.011455736050.32	Muzhou
Wu	ur.011524711570.93	Jiandong
Wu	ur.011524711570.93	Jiandong
Wu	ur.012347544757.46	Bei
Wu	ur.012347544757.46	Bei
Wu	ur.01236232265.46	Connie K
Wu	ur.01236232265.46	Connie K
Wu	ur.012645211504.09	Muzhou
Wu	ur.012744666465.66	H Denis
Wu	ur.01317166556.42	Chia-Ling
Wu	ur.01317166556.42	Chia-Ling
Wu	ur.01355215752.81	Chia-Chien
Wu	ur.01355215752.81	Chia-Chien
Wu	ur.014271712500.80	Chia-Ling
Wu	ur.014375774344.37	Connie K
Wu	ur.015503622767.20	Yuanyuan
Wu	ur.016000073501.06	Shulin
Wu	ur.0723475317.28	Yuanyuan
Wu	ur.07351273013.63	Bei
Wu	ur.0762707400.38	Linxi
Wu	ur.07653555154.24	Junjie
Xie	ur.0755733761.56	Quan
Xu	ur.010223170240.30	Hanfei
Xu	ur.010241444074.09	Fangda
Xu	ur.011460045523.24	Hanfei
Xu	ur.011460045523.24	Hanfei
Xu	ur.011465316230.53	Tingting
Xu	ur.012474371037.47	Tingting
Xu	ur.012622561760.12	Hanfei
Xu	ur.012752023150.38	Fangda
Xu	ur.013173763112.69	Meiling
Xu	ur.013341326343.28	Hanfei
Xu	ur.014243662315.66	Tingting
Xu	ur.014243662315.66	Tingting
Xu	ur.014703031160.98	Fangda
Xu	ur.014722067633.26	Na
Xu	ur.015412754322.49	Hanfei
Xu	ur.015557300070.20	Fangda
Xu	ur.0734147402.48	Fangda
Xu	ur.0734147402.48	Fangda
Yang	ur.01000616155.58	Qiong
Yang	ur.010154625210.44	Shi
Yang	ur.01070033555.52	Shi
Yang	ur.010734461162.76	Hlee
Yang	ur.011002464341.57	Chen
Yang	ur.01133317226.54	Qiong
Yang	ur.01164246221.87	Zhi-Cheng
Yang	ur.01164246221.87	Zhi-Cheng
Yang	ur.01221002362.71	Qiong
Yang	ur.012553265437.31	Connie Yihan
Yang	ur.01362006556.25	Shi
Yang	ur.014637034372.75	Chih-Sheng
Yang	ur.014655527423.16	Chen
Yang	ur.014706552474.12	Zhi-Cheng
Yang	ur.014743447054.16	Chen
Yang	ur.014751127017.21	Shi
Yang	ur.015137664020.63	Shi
Yang	ur.016156456067.33	Qiong
Yang	ur.016156456067.33	Qiong
Yang	ur.016220245650.91	Connie Yihan
Yang	ur.016246325023.77	Jia
Yang	ur.016344070017.35	Shi
Yang	ur.0644430537.21	Shi
Yang	ur.0675726237.40	Chih-Sheng
Yang	ur.0675726237.40	Chih-Sheng
Yang	ur.0700654656.97	Shi
Yang	ur.0700654656.97	Shi
Yang	ur.0714202532.13	Qiong
Yang	ur.0734016004.71	Qiong
Yang	ur.0743637365.45	Qiong
Yang	ur.0745427513.66	Shi
Yang	ur.0752420373.84	Qiong
Yang	ur.0772705046.16	Shi
Yin	ur.010106032603.01	Chengqian
Yin	ur.010241206273.80	Chengqian
Yin	ur.011537202176.88	Chengqian
Yin	ur.01214403564.89	Xiaoyan
Yin	ur.012561015644.41	Chengqian
Yin	ur.01276072554.08	Xiaoyan
Yin	ur.013573770214.20	Xiaoyan
Yin	ur.016333162424.20	Chengqian
Yin	ur.0654466715.90	Chengqian
Yin	ur.0667155617.04	Xiaoyan
Yin	ur.07452107673.91	Chengqian
Yin	ur.07453104504.95	Xiaoyan
Zeiner	ur.01265464271.34	Carolyn A
Zeiner	ur.01265464271.34	Carolyn A
Zeiner	ur.014116410400.96	Carolyn A
Zhang	ur.010045514366.70	Xin
Zhang	ur.010107755367.13	Huiping
Zhang	ur.010107755367.13	Huiping
Zhang	ur.01011645525.96	Yu Qing
Zhang	ur.010323053117.02	Xiaoling
Zhang	ur.010414703113.16	Yanhang
Zhang	ur.010440301264.82	Ran
Zhang	ur.010676264100.29	Xiaoling
Zhang	ur.01070105155.66	Xin
Zhang	ur.01072013416.08	Yanhang
Zhang	ur.01072013416.08	Yanhang
Zhang	ur.010724210674.50	Huiping
Zhang	ur.010725623436.59	Yu Qing
Zhang	ur.011042447612.63	Yu Qing
Zhang	ur.011044300374.86	Ying
Zhang	ur.01105247777.17	Yu Qing
Zhang	ur.011055715213.15	Yue
Zhang	ur.011077723527.49	Xiaohe
Zhang	ur.011272672703.26	Xin
Zhang	ur.011343731114.57	Yu Qing
Zhang	ur.011374340232.84	Heng
Zhang	ur.011424315533.89	Xin
Zhang	ur.011434757314.52	Xin
Zhang	ur.011446605354.08	Yanhang
Zhang	ur.011467605763.03	Yu Qing
Zhang	ur.011472004722.16	Yu Qing
Zhang	ur.011575122110.62	Bohan
Zhang	ur.011741760030.02	Xin
Zhang	ur.011745616460.05	Yu Qing
Zhang	ur.012022104527.13	Xin
Zhang	ur.012126007460.05	Xin
Zhang	ur.01222030547.56	Duo
Zhang	ur.01222030547.56	Duo
Zhang	ur.012320305126.78	Yu Qing
Zhang	ur.012362132554.23	Yu Qing
Zhang	ur.012400345655.05	Xin
Zhang	ur.01240450171.57	Yu Qing
Zhang	ur.012421301364.28	Xin
Zhang	ur.012452340075.47	Yu Qing
Zhang	ur.012561557607.67	Yu Qing
Zhang	ur.012561557607.67	Yu Qing
Zhang	ur.012747573652.56	Duo
Zhang	ur.013001332542.32	Yijia
Zhang	ur.013006253747.02	Xin
Zhang	ur.013041666424.88	Yu Qing
Zhang	ur.013056216567.28	Xin
Zhang	ur.013166034366.19	Guanglan
Zhang	ur.01326571607.83	Yunxi
Zhang	ur.01326571607.83	Yunxi
Zhang	ur.01346535052.13	Yu Qing
Zhang	ur.013514002741.58	Ran
Zhang	ur.013521321141.14	Xin
Zhang	ur.013535260304.44	Sherry
Zhang	ur.013567104572.82	Xin
Zhang	ur.013605463767.57	Xin
Zhang	ur.013630264347.74	Xin
Zhang	ur.013660002727.97	Huiping
Zhang	ur.013673732624.09	Yu Qing
Zhang	ur.013701324566.84	Bohan
Zhang	ur.013766172026.92	Duo
Zhang	ur.013766172026.92	Duo
Zhang	ur.014012257474.22	Guang Lan
Zhang	ur.014063526023.04	Yu Qing
Zhang	ur.014076135703.55	Yue J
Zhang	ur.014105512775.80	Xin
Zhang	ur.014132016523.50	Yanhang
Zhang	ur.014143677210.85	Yunxi
Zhang	ur.014232622222.29	Xin
Zhang	ur.014366367224.19	Yu Qing
Zhang	ur.014402011760.01	Yu Qing
Zhang	ur.014406525210.75	Duo
Zhang	ur.014435051337.19	Xin
Zhang	ur.014457175255.21	Ting
Zhang	ur.014472103745.37	Xin
Zhang	ur.014477421233.11	Yu Qing
Zhang	ur.014511117265.16	Jing
Zhang	ur.014560360270.64	Xin
Zhang	ur.014606346020.84	Xiaoling
Zhang	ur.014623261655.22	Xin
Zhang	ur.014635160752.08	Xin
Zhang	ur.014703645417.21	Yu Qing
Zhang	ur.014745467135.86	Yu Qing
Zhang	ur.015004765670.91	Xiaoling
Zhang	ur.015060402466.29	Yuqing
Zhang	ur.015060402466.29	Yuqing
Zhang	ur.015110546530.12	Yu Qing
Zhang	ur.015173670506.52	Yu Qing
Zhang	ur.015235014722.22	Duo
Zhang	ur.015377730042.42	Duo
Zhang	ur.015421553310.08	Xiaoling
Zhang	ur.015504721405.06	Ting
Zhang	ur.015520247360.23	Yu Qing
Zhang	ur.015534752474.13	Yu Qing
Zhang	ur.015535150231.60	Xin
Zhang	ur.015564776371.08	Sherry
Zhang	ur.015623235324.30	Yu Qing
Zhang	ur.015660637202.42	Yu Qing
Zhang	ur.015764067060.11	Yu Qing
Zhang	ur.016037036424.45	Yu Qing
Zhang	ur.016054177512.92	Yu Qing
Zhang	ur.016106372667.28	Xiaoling
Zhang	ur.016113432020.50	Xiaoling
Zhang	ur.016113432020.50	Xiaoling
Zhang	ur.016154523562.51	Yu Qing
Zhang	ur.016201517004.68	Yu Qing
Zhang	ur.016202610070.29	Xin
Zhang	ur.016221236705.55	Xin
Zhang	ur.016221236705.55	Xin
Zhang	ur.016221255674.35	Yu Qing
Zhang	ur.016221525166.31	Yu Qing
Zhang	ur.016275746335.15	Tiansheng
Zhang	ur.016303060206.69	Bohan
Zhang	ur.016323317014.31	Chi
Zhang	ur.016400216037.34	Xin
Zhang	ur.016423170511.33	Jianming
Zhang	ur.016425205164.60	Yuqing
Zhang	ur.016426644510.56	Yu Qing
Zhang	ur.016621026501.23	Sherry
Zhang	ur.016666205537.18	Guang Lan
Zhang	ur.016666205537.18	Guang Lan
Zhang	ur.016713134454.36	Xin
Zhang	ur.0630361662.67	Heng
Zhang	ur.0630361662.67	Heng
Zhang	ur.0641063217.13	Xin
Zhang	ur.0673046202.70	Ting
Zhang	ur.0721213536.11	Xin
Zhang	ur.07363171230.74	Duo
Zhang	ur.07367605167.74	Xin
Zhang	ur.07371415037.57	Guanglan
Zhang	ur.07371415037.57	Guanglan
Zhang	ur.07404512365.40	Xin
Zhang	ur.07437475232.71	Yu Qing
Zhang	ur.07457347754.57	Xin
Zhang	ur.07463741245.07	Xin
Zhang	ur.07465014435.19	Xin
Zhang	ur.07473307344.46	Yu Qing
Zhang	ur.07473370050.29	Yanhang
Zhang	ur.0752033667.07	Yu Qing
Zhang	ur.07531166477.45	Lei
Zhang	ur.07603572514.11	Yu Qing
Zhang	ur.07612374210.05	Yanhang
Zhang	ur.07660242732.06	Xin
Zhang	ur.07672144604.11	Xin
Zhang	ur.07715077210.39	Yu Qing
Zhang	ur.07770224577.65	Xin
Zhao	ur.010731713534.31	Qiang
Zhao	ur.012330457374.62	Carol
Zhao	ur.01264254057.35	Yanyu
Zhao	ur.01264254057.35	Yanyu
Zhao	ur.012674027322.81	Carol
Zhao	ur.012674027322.81	Carol
Zhao	ur.012751143333.38	Xiaoguang
Zhao	ur.01330132420.37	Xiaoguang
Zhao	ur.013330603365.97	Qing
Zhao	ur.013330603365.97	Qing
Zhao	ur.013761473664.33	Qing
Zhao	ur.014373550003.97	Yanyu
Zhao	ur.014551753307.54	Qiang
Zhao	ur.015320173454.62	Xiaoguang
Zhao	ur.015405227470.36	Xiaoguang
Zhao	ur.015755212036.07	Jinyuan
Zhao	ur.0777535710.27	Qi
Zhong	ur.011602460177.46	Yi-Ming
Zhong	ur.013517764351.76	Qiankun
Zhu	ur.011351662120.06	Henghui
Zhu	ur.011752317424.85	Bo
Zhu	ur.011763435244.26	Bo
Zhu	ur.013245303100.16	Haihao
Zhu	ur.014524555316.12	Bo
Zhu	ur.015433606760.14	Henghui
Zhu	ur.015506251567.48	Clara
Zhu	ur.016361416557.61	Bo
Zhu	ur.016704571007.88	Bo
Zhu	ur.0706371251.76	Haihao
Zhu	ur.0706371251.76	Haihao
Zhu	ur.07717672120.17	Henghui
Zimmermann	ur.01144700411.98	Bernhard B
Zou	ur.011336443430.69	Ying
Zou	ur.07370761453.50	Ying
